-- MariaDB dump 10.17  Distrib 10.5.4-MariaDB, for debian-linux-gnu (x86_64)
--
-- Host: localhost    Database: webapps
-- ------------------------------------------------------
-- Server version	10.5.4-MariaDB-1:10.5.4+maria~focal

/*!40101 SET @OLD_CHARACTER_SET_CLIENT=@@CHARACTER_SET_CLIENT */;
/*!40101 SET @OLD_CHARACTER_SET_RESULTS=@@CHARACTER_SET_RESULTS */;
/*!40101 SET @OLD_COLLATION_CONNECTION=@@COLLATION_CONNECTION */;
/*!40101 SET NAMES utf8mb4 */;
/*!40103 SET @OLD_TIME_ZONE=@@TIME_ZONE */;
/*!40103 SET TIME_ZONE='+00:00' */;
/*!40014 SET @OLD_UNIQUE_CHECKS=@@UNIQUE_CHECKS, UNIQUE_CHECKS=0 */;
/*!40014 SET @OLD_FOREIGN_KEY_CHECKS=@@FOREIGN_KEY_CHECKS, FOREIGN_KEY_CHECKS=0 */;
/*!40101 SET @OLD_SQL_MODE=@@SQL_MODE, SQL_MODE='NO_AUTO_VALUE_ON_ZERO' */;
/*!40111 SET @OLD_SQL_NOTES=@@SQL_NOTES, SQL_NOTES=0 */;

--
-- Table structure for table `auth_group`
--

DROP TABLE IF EXISTS `auth_group`;
/*!40101 SET @saved_cs_client     = @@character_set_client */;
/*!40101 SET character_set_client = utf8 */;
CREATE TABLE `auth_group` (
  `id` int(11) NOT NULL AUTO_INCREMENT,
  `name` varchar(150) NOT NULL,
  PRIMARY KEY (`id`),
  UNIQUE KEY `name` (`name`)
) ENGINE=InnoDB DEFAULT CHARSET=utf8mb4;
/*!40101 SET character_set_client = @saved_cs_client */;

--
-- Dumping data for table `auth_group`
--

LOCK TABLES `auth_group` WRITE;
/*!40000 ALTER TABLE `auth_group` DISABLE KEYS */;
/*!40000 ALTER TABLE `auth_group` ENABLE KEYS */;
UNLOCK TABLES;

--
-- Table structure for table `auth_group_permissions`
--

DROP TABLE IF EXISTS `auth_group_permissions`;
/*!40101 SET @saved_cs_client     = @@character_set_client */;
/*!40101 SET character_set_client = utf8 */;
CREATE TABLE `auth_group_permissions` (
  `id` int(11) NOT NULL AUTO_INCREMENT,
  `group_id` int(11) NOT NULL,
  `permission_id` int(11) NOT NULL,
  PRIMARY KEY (`id`),
  UNIQUE KEY `auth_group_permissions_group_id_permission_id_0cd325b0_uniq` (`group_id`,`permission_id`),
  KEY `auth_group_permissio_permission_id_84c5c92e_fk_auth_perm` (`permission_id`),
  CONSTRAINT `auth_group_permissio_permission_id_84c5c92e_fk_auth_perm` FOREIGN KEY (`permission_id`) REFERENCES `auth_permission` (`id`),
  CONSTRAINT `auth_group_permissions_group_id_b120cbf9_fk_auth_group_id` FOREIGN KEY (`group_id`) REFERENCES `auth_group` (`id`)
) ENGINE=InnoDB DEFAULT CHARSET=utf8mb4;
/*!40101 SET character_set_client = @saved_cs_client */;

--
-- Dumping data for table `auth_group_permissions`
--

LOCK TABLES `auth_group_permissions` WRITE;
/*!40000 ALTER TABLE `auth_group_permissions` DISABLE KEYS */;
/*!40000 ALTER TABLE `auth_group_permissions` ENABLE KEYS */;
UNLOCK TABLES;

--
-- Table structure for table `auth_permission`
--

DROP TABLE IF EXISTS `auth_permission`;
/*!40101 SET @saved_cs_client     = @@character_set_client */;
/*!40101 SET character_set_client = utf8 */;
CREATE TABLE `auth_permission` (
  `id` int(11) NOT NULL AUTO_INCREMENT,
  `name` varchar(255) NOT NULL,
  `content_type_id` int(11) NOT NULL,
  `codename` varchar(100) NOT NULL,
  PRIMARY KEY (`id`),
  UNIQUE KEY `auth_permission_content_type_id_codename_01ab375a_uniq` (`content_type_id`,`codename`),
  CONSTRAINT `auth_permission_content_type_id_2f476e4b_fk_django_co` FOREIGN KEY (`content_type_id`) REFERENCES `django_content_type` (`id`)
) ENGINE=InnoDB AUTO_INCREMENT=45 DEFAULT CHARSET=utf8mb4;
/*!40101 SET character_set_client = @saved_cs_client */;

--
-- Dumping data for table `auth_permission`
--

LOCK TABLES `auth_permission` WRITE;
/*!40000 ALTER TABLE `auth_permission` DISABLE KEYS */;
INSERT INTO `auth_permission` VALUES (1,'Can add log entry',1,'add_logentry'),(2,'Can change log entry',1,'change_logentry'),(3,'Can delete log entry',1,'delete_logentry'),(4,'Can view log entry',1,'view_logentry'),(5,'Can add permission',2,'add_permission'),(6,'Can change permission',2,'change_permission'),(7,'Can delete permission',2,'delete_permission'),(8,'Can view permission',2,'view_permission'),(9,'Can add group',3,'add_group'),(10,'Can change group',3,'change_group'),(11,'Can delete group',3,'delete_group'),(12,'Can view group',3,'view_group'),(13,'Can add user',4,'add_user'),(14,'Can change user',4,'change_user'),(15,'Can delete user',4,'delete_user'),(16,'Can view user',4,'view_user'),(17,'Can add content type',5,'add_contenttype'),(18,'Can change content type',5,'change_contenttype'),(19,'Can delete content type',5,'delete_contenttype'),(20,'Can view content type',5,'view_contenttype'),(21,'Can add session',6,'add_session'),(22,'Can change session',6,'change_session'),(23,'Can delete session',6,'delete_session'),(24,'Can view session',6,'view_session'),(25,'Can add env',7,'add_env'),(26,'Can change env',7,'change_env'),(27,'Can delete env',7,'delete_env'),(28,'Can view env',7,'view_env'),(29,'Can add tc',8,'add_tc'),(30,'Can change tc',8,'change_tc'),(31,'Can delete tc',8,'delete_tc'),(32,'Can view tc',8,'view_tc'),(33,'Can add app',9,'add_app'),(34,'Can change app',9,'change_app'),(35,'Can delete app',9,'delete_app'),(36,'Can view app',9,'view_app'),(37,'Can add Token',10,'add_token'),(38,'Can change Token',10,'change_token'),(39,'Can delete Token',10,'delete_token'),(40,'Can view Token',10,'view_token'),(41,'Can add token',11,'add_tokenproxy'),(42,'Can change token',11,'change_tokenproxy'),(43,'Can delete token',11,'delete_tokenproxy'),(44,'Can view token',11,'view_tokenproxy');
/*!40000 ALTER TABLE `auth_permission` ENABLE KEYS */;
UNLOCK TABLES;

--
-- Table structure for table `auth_user`
--

DROP TABLE IF EXISTS `auth_user`;
/*!40101 SET @saved_cs_client     = @@character_set_client */;
/*!40101 SET character_set_client = utf8 */;
CREATE TABLE `auth_user` (
  `id` int(11) NOT NULL AUTO_INCREMENT,
  `password` varchar(128) NOT NULL,
  `last_login` datetime(6) DEFAULT NULL,
  `is_superuser` tinyint(1) NOT NULL,
  `username` varchar(150) NOT NULL,
  `first_name` varchar(150) NOT NULL,
  `last_name` varchar(150) NOT NULL,
  `email` varchar(254) NOT NULL,
  `is_staff` tinyint(1) NOT NULL,
  `is_active` tinyint(1) NOT NULL,
  `date_joined` datetime(6) NOT NULL,
  PRIMARY KEY (`id`),
  UNIQUE KEY `username` (`username`)
) ENGINE=InnoDB AUTO_INCREMENT=12 DEFAULT CHARSET=utf8mb4;
/*!40101 SET character_set_client = @saved_cs_client */;

--
-- Dumping data for table `auth_user`
--

LOCK TABLES `auth_user` WRITE;
/*!40000 ALTER TABLE `auth_user` DISABLE KEYS */;
INSERT INTO `auth_user` VALUES (1,'pbkdf2_sha256$180000$f4BPO5216rr1$77MMDdUCm0elVYfZ8zbOxbYz09OUSC22SWTpD/Z+y64=','2020-08-03 20:41:48.452618',1,'admin','','','jc.clark@modahealth.com',1,1,'2020-08-03 06:54:16.122368'),(2,'pbkdf2_sha256$216000$BercNrboENaJ$FKUPgZEPl1meGLAEJsfwUaSWjSmjse5pdd8TPjTwzkg=','2021-01-26 18:27:25.945314',0,'asg','Staff','','',0,1,'2020-08-03 06:56:18.000000'),(3,'pbkdf2_sha256$216000$hntJDSJMWQv3$ukpw5bJ2B/tl2WBc8Ttu4/k9k8EjKUdgvJoCrx2hRkU=','2021-01-28 20:59:12.844106',1,'quasar','','','',1,1,'2020-12-23 20:03:29.283116'),(5,'!veS2rLMBwI16YatnvHWcyZRMOxlduVHgBbJcvrkf','2021-01-21 19:47:17.557707',0,'clarkj','Jonathon','Clark','jc.clark@modahealth.com',0,1,'2020-12-23 22:17:23.278557'),(6,'!Zt77J9teRazRM520Cf7r05ZxRXUl6kdmyNl1dt0r','2021-01-15 01:48:02.930241',0,'raloffi','Ian','Raloff','ian.raloff@modahealth.com',0,1,'2020-12-23 22:43:09.120865'),(7,'!G8WApZjG7ZZ7eLNMpAPJSWp2HcgqW8j666xHf5hD','2021-01-11 22:39:49.625065',0,'marlinc','Christopher','Marling','chris.marling@modahealth.com',0,1,'2021-01-11 22:38:27.754095'),(8,'!ZGuf3MF5zIDhKQHXZZ2Gbri3HWzgm3zHHwQzEmPF','2021-01-17 14:00:24.370368',0,'zaslawj','Jason','Zaslaw','jason.zaslaw@modahealth.com',0,1,'2021-01-17 14:00:24.359394'),(9,'!6YALuE9tPnX6yFKq9SbtzCVLfsQFGKPHOp3n0bRN','2021-01-19 22:14:37.254300',0,'manthar','Ramesh','Mantha','ramesh.mantha@modahealth.com',0,1,'2021-01-19 22:14:37.240634'),(10,'!KTOGKOLGOrHT4DU74AWJCrRFOHnssI5u7A2ExdvV','2021-01-24 14:32:58.522902',0,'thompsr','Ronald','Thompson','ron.thompson@modahealth.com',0,1,'2021-01-21 16:24:03.575478'),(11,'!ZHF6pW7w4gMe7iaUUrrOFnPOqXke3bgwoY9z5zTt','2021-01-28 21:42:52.858087',0,'marcub','Beniamin','Marcu','beniamin.marcu@modahealth.com',0,1,'2021-01-26 22:25:25.849024');
/*!40000 ALTER TABLE `auth_user` ENABLE KEYS */;
UNLOCK TABLES;

--
-- Table structure for table `auth_user_groups`
--

DROP TABLE IF EXISTS `auth_user_groups`;
/*!40101 SET @saved_cs_client     = @@character_set_client */;
/*!40101 SET character_set_client = utf8 */;
CREATE TABLE `auth_user_groups` (
  `id` int(11) NOT NULL AUTO_INCREMENT,
  `user_id` int(11) NOT NULL,
  `group_id` int(11) NOT NULL,
  PRIMARY KEY (`id`),
  UNIQUE KEY `auth_user_groups_user_id_group_id_94350c0c_uniq` (`user_id`,`group_id`),
  KEY `auth_user_groups_group_id_97559544_fk_auth_group_id` (`group_id`),
  CONSTRAINT `auth_user_groups_group_id_97559544_fk_auth_group_id` FOREIGN KEY (`group_id`) REFERENCES `auth_group` (`id`),
  CONSTRAINT `auth_user_groups_user_id_6a12ed8b_fk_auth_user_id` FOREIGN KEY (`user_id`) REFERENCES `auth_user` (`id`)
) ENGINE=InnoDB DEFAULT CHARSET=utf8mb4;
/*!40101 SET character_set_client = @saved_cs_client */;

--
-- Dumping data for table `auth_user_groups`
--

LOCK TABLES `auth_user_groups` WRITE;
/*!40000 ALTER TABLE `auth_user_groups` DISABLE KEYS */;
/*!40000 ALTER TABLE `auth_user_groups` ENABLE KEYS */;
UNLOCK TABLES;

--
-- Table structure for table `auth_user_user_permissions`
--

DROP TABLE IF EXISTS `auth_user_user_permissions`;
/*!40101 SET @saved_cs_client     = @@character_set_client */;
/*!40101 SET character_set_client = utf8 */;
CREATE TABLE `auth_user_user_permissions` (
  `id` int(11) NOT NULL AUTO_INCREMENT,
  `user_id` int(11) NOT NULL,
  `permission_id` int(11) NOT NULL,
  PRIMARY KEY (`id`),
  UNIQUE KEY `auth_user_user_permissions_user_id_permission_id_14a6b632_uniq` (`user_id`,`permission_id`),
  KEY `auth_user_user_permi_permission_id_1fbb5f2c_fk_auth_perm` (`permission_id`),
  CONSTRAINT `auth_user_user_permi_permission_id_1fbb5f2c_fk_auth_perm` FOREIGN KEY (`permission_id`) REFERENCES `auth_permission` (`id`),
  CONSTRAINT `auth_user_user_permissions_user_id_a95ead1b_fk_auth_user_id` FOREIGN KEY (`user_id`) REFERENCES `auth_user` (`id`)
) ENGINE=InnoDB DEFAULT CHARSET=utf8mb4;
/*!40101 SET character_set_client = @saved_cs_client */;

--
-- Dumping data for table `auth_user_user_permissions`
--

LOCK TABLES `auth_user_user_permissions` WRITE;
/*!40000 ALTER TABLE `auth_user_user_permissions` DISABLE KEYS */;
/*!40000 ALTER TABLE `auth_user_user_permissions` ENABLE KEYS */;
UNLOCK TABLES;

--
-- Table structure for table `authtoken_token`
--

DROP TABLE IF EXISTS `authtoken_token`;
/*!40101 SET @saved_cs_client     = @@character_set_client */;
/*!40101 SET character_set_client = utf8 */;
CREATE TABLE `authtoken_token` (
  `key` varchar(40) NOT NULL,
  `created` datetime(6) NOT NULL,
  `user_id` int(11) NOT NULL,
  PRIMARY KEY (`key`),
  UNIQUE KEY `user_id` (`user_id`),
  CONSTRAINT `authtoken_token_user_id_35299eff_fk_auth_user_id` FOREIGN KEY (`user_id`) REFERENCES `auth_user` (`id`)
) ENGINE=InnoDB DEFAULT CHARSET=utf8mb4;
/*!40101 SET character_set_client = @saved_cs_client */;

--
-- Dumping data for table `authtoken_token`
--

LOCK TABLES `authtoken_token` WRITE;
/*!40000 ALTER TABLE `authtoken_token` DISABLE KEYS */;
/*!40000 ALTER TABLE `authtoken_token` ENABLE KEYS */;
UNLOCK TABLES;

--
-- Table structure for table `django_admin_log`
--

DROP TABLE IF EXISTS `django_admin_log`;
/*!40101 SET @saved_cs_client     = @@character_set_client */;
/*!40101 SET character_set_client = utf8 */;
CREATE TABLE `django_admin_log` (
  `id` int(11) NOT NULL AUTO_INCREMENT,
  `action_time` datetime(6) NOT NULL,
  `object_id` longtext DEFAULT NULL,
  `object_repr` varchar(200) NOT NULL,
  `action_flag` smallint(5) unsigned NOT NULL CHECK (`action_flag` >= 0),
  `change_message` longtext NOT NULL,
  `content_type_id` int(11) DEFAULT NULL,
  `user_id` int(11) NOT NULL,
  PRIMARY KEY (`id`),
  KEY `django_admin_log_content_type_id_c4bce8eb_fk_django_co` (`content_type_id`),
  KEY `django_admin_log_user_id_c564eba6_fk_auth_user_id` (`user_id`),
  CONSTRAINT `django_admin_log_content_type_id_c4bce8eb_fk_django_co` FOREIGN KEY (`content_type_id`) REFERENCES `django_content_type` (`id`),
  CONSTRAINT `django_admin_log_user_id_c564eba6_fk_auth_user_id` FOREIGN KEY (`user_id`) REFERENCES `auth_user` (`id`)
) ENGINE=InnoDB AUTO_INCREMENT=4 DEFAULT CHARSET=utf8mb4;
/*!40101 SET character_set_client = @saved_cs_client */;

--
-- Dumping data for table `django_admin_log`
--

LOCK TABLES `django_admin_log` WRITE;
/*!40000 ALTER TABLE `django_admin_log` DISABLE KEYS */;
INSERT INTO `django_admin_log` VALUES (1,'2020-08-03 06:56:18.767727','2','asg',1,'[{\"added\": {}}]',4,1),(2,'2020-08-03 06:56:46.490227','2','asg',2,'[{\"changed\": {\"fields\": [\"First name\"]}}]',4,1),(3,'2020-12-23 20:38:15.281375','4','clarkj',3,'',4,3);
/*!40000 ALTER TABLE `django_admin_log` ENABLE KEYS */;
UNLOCK TABLES;

--
-- Table structure for table `django_content_type`
--

DROP TABLE IF EXISTS `django_content_type`;
/*!40101 SET @saved_cs_client     = @@character_set_client */;
/*!40101 SET character_set_client = utf8 */;
CREATE TABLE `django_content_type` (
  `id` int(11) NOT NULL AUTO_INCREMENT,
  `app_label` varchar(100) NOT NULL,
  `model` varchar(100) NOT NULL,
  PRIMARY KEY (`id`),
  UNIQUE KEY `django_content_type_app_label_model_76bd3d3b_uniq` (`app_label`,`model`)
) ENGINE=InnoDB AUTO_INCREMENT=12 DEFAULT CHARSET=utf8mb4;
/*!40101 SET character_set_client = @saved_cs_client */;

--
-- Dumping data for table `django_content_type`
--

LOCK TABLES `django_content_type` WRITE;
/*!40000 ALTER TABLE `django_content_type` DISABLE KEYS */;
INSERT INTO `django_content_type` VALUES (1,'admin','logentry'),(3,'auth','group'),(2,'auth','permission'),(4,'auth','user'),(10,'authtoken','token'),(11,'authtoken','tokenproxy'),(5,'contenttypes','contenttype'),(6,'sessions','session'),(9,'tcadmin','app'),(7,'tcadmin','env'),(8,'tcadmin','tc');
/*!40000 ALTER TABLE `django_content_type` ENABLE KEYS */;
UNLOCK TABLES;

--
-- Table structure for table `django_migrations`
--

DROP TABLE IF EXISTS `django_migrations`;
/*!40101 SET @saved_cs_client     = @@character_set_client */;
/*!40101 SET character_set_client = utf8 */;
CREATE TABLE `django_migrations` (
  `id` int(11) NOT NULL AUTO_INCREMENT,
  `app` varchar(255) NOT NULL,
  `name` varchar(255) NOT NULL,
  `applied` datetime(6) NOT NULL,
  PRIMARY KEY (`id`)
) ENGINE=InnoDB AUTO_INCREMENT=34 DEFAULT CHARSET=utf8mb4;
/*!40101 SET character_set_client = @saved_cs_client */;

--
-- Dumping data for table `django_migrations`
--

LOCK TABLES `django_migrations` WRITE;
/*!40000 ALTER TABLE `django_migrations` DISABLE KEYS */;
INSERT INTO `django_migrations` VALUES (1,'contenttypes','0001_initial','2020-08-03 06:51:11.685904'),(2,'auth','0001_initial','2020-08-03 06:51:11.752297'),(3,'admin','0001_initial','2020-08-03 06:51:11.876735'),(4,'admin','0002_logentry_remove_auto_add','2020-08-03 06:51:11.920005'),(5,'admin','0003_logentry_add_action_flag_choices','2020-08-03 06:51:11.932284'),(6,'contenttypes','0002_remove_content_type_name','2020-08-03 06:51:11.969043'),(7,'auth','0002_alter_permission_name_max_length','2020-08-03 06:51:11.986923'),(8,'auth','0003_alter_user_email_max_length','2020-08-03 06:51:12.000033'),(9,'auth','0004_alter_user_username_opts','2020-08-03 06:51:12.011839'),(10,'auth','0005_alter_user_last_login_null','2020-08-03 06:51:12.032419'),(11,'auth','0006_require_contenttypes_0002','2020-08-03 06:51:12.034098'),(12,'auth','0007_alter_validators_add_error_messages','2020-08-03 06:51:12.045768'),(13,'auth','0008_alter_user_username_max_length','2020-08-03 06:51:12.059559'),(14,'auth','0009_alter_user_last_name_max_length','2020-08-03 06:51:12.074205'),(15,'auth','0010_alter_group_name_max_length','2020-08-03 06:51:12.096641'),(16,'auth','0011_update_proxy_permissions','2020-08-03 06:51:12.108597'),(17,'sessions','0001_initial','2020-08-03 06:51:12.118803'),(18,'tcadmin','0001_initial','2020-08-03 06:51:12.151466'),(19,'tcadmin','0002_auto_20200731_1932','2020-08-03 06:51:12.181911'),(20,'tcadmin','0003_remove_env_color','2020-08-03 06:51:12.190823'),(21,'tcadmin','0004_remove_tc_color','2020-08-03 06:51:12.197653'),(22,'tcadmin','0005_auto_20200801_0015','2020-08-03 06:51:12.218645'),(23,'tcadmin','0006_auto_20200801_0151','2020-08-03 06:51:12.254206'),(24,'tcadmin','0007_app','2020-08-03 06:51:12.267929'),(25,'tcadmin','0008_auto_20200803_0707','2020-08-03 07:07:51.072025'),(26,'tcadmin','0009_auto_20200803_0714','2020-08-03 07:14:10.545926'),(27,'tcadmin','0010_auto_20200917_0807','2020-09-17 08:07:46.333578'),(28,'auth','0012_alter_user_first_name_max_length','2020-09-17 18:49:54.279089'),(29,'tcadmin','0011_auto_20200930_1751','2020-09-30 17:51:57.605054'),(30,'tcadmin','0012_env_authlvl','2021-01-11 19:20:29.491048'),(31,'authtoken','0001_initial','2021-01-28 20:52:10.586197'),(32,'authtoken','0002_auto_20160226_1747','2021-01-28 20:52:10.765880'),(33,'authtoken','0003_tokenproxy','2021-01-28 20:52:10.771408');
/*!40000 ALTER TABLE `django_migrations` ENABLE KEYS */;
UNLOCK TABLES;

--
-- Table structure for table `django_session`
--

DROP TABLE IF EXISTS `django_session`;
/*!40101 SET @saved_cs_client     = @@character_set_client */;
/*!40101 SET character_set_client = utf8 */;
CREATE TABLE `django_session` (
  `session_key` varchar(40) NOT NULL,
  `session_data` longtext NOT NULL,
  `expire_date` datetime(6) NOT NULL,
  PRIMARY KEY (`session_key`),
  KEY `django_session_expire_date_a5c62663` (`expire_date`)
) ENGINE=InnoDB DEFAULT CHARSET=utf8mb4;
/*!40101 SET character_set_client = @saved_cs_client */;

--
-- Dumping data for table `django_session`
--

LOCK TABLES `django_session` WRITE;
/*!40000 ALTER TABLE `django_session` DISABLE KEYS */;
INSERT INTO `django_session` VALUES ('3ct3sdpmhtii4zl4wbo3nz4ktk54b5d5','.eJxVjk0OgjAQhe_StSFtoe3UncalC2_QTJmpoAQMyEbj3aXKQrfve39PEXC-N2GeeAwtia3wYvOrRayv3GdAF-zPwxd1hLdiRcXxsDvtV9tftsGpyUEqJfvKokMiGxF8MhYVVYm1MxJqSATaOIZklFYK0EULHpSWlkqWS2ne-xQPY_vg5Y1-vQEgKTyn:1l1zTC:hPDiAkD6aHqHDe7uq1EYEtlZsRA4K1prpu1aBVLmArQ','2021-02-02 22:27:26.426497'),('3dbjctcvpuygo8y30cr0b3obtarzr1j8','.eJxVjMsOwiAQRf-FtSHA8BCX7vsNBBhGqgaS0q6M_65NutDtPefcFwtxW2vYRlnCjOzCFDv9binmR2k7wHtst85zb-syJ74r_KCDTx3L83q4fwc1jvqtyRvK2mk4l4xakFNKgdEkoVgnJVqkqFB4p0UCzNIp4bT3BDZJCYbY-wPSRzcV:1kUMGb:Ulq43SAvSGsAEu7Y0JG0KZ2ovgdQ-9BOCZYuU-XzAjo','2020-11-02 03:55:25.577558'),('3yx6uu8n595e82arq4hj1t6k0ede3870','YzNhNTZjZjIxYzE2MjZkOTcxYjc1ZmIwNDE2OTM3NDA2OTIxNzJiODp7Il9hdXRoX3VzZXJfaWQiOiIyIiwiX2F1dGhfdXNlcl9iYWNrZW5kIjoiZGphbmdvLmNvbnRyaWIuYXV0aC5iYWNrZW5kcy5Nb2RlbEJhY2tlbmQiLCJfYXV0aF91c2VyX2hhc2giOiJkMjVkYjY0NDdkYmI3MmE5YzQwZDE1MDNiZGU1MzliNzY0NjczMTdmIn0=','2020-09-07 15:48:57.163418'),('40pqbse43uqso134e7ufd165udboxtz6','.eJxVjMsOwiAQRf-FtSHA8BCX7vsNBBhGqgaS0q6M_65NutDtPefcFwtxW2vYRlnCjOzCFDv9binmR2k7wHtst85zb-syJ74r_KCDTx3L83q4fwc1jvqtyRvK2mk4l4xakFNKgdEkoVgnJVqkqFB4p0UCzNIp4bT3BDZJCYbY-wPSRzcV:1kYAuS:VCaNDfBqoEBfdQMsRJEPBlzkWIUcJr0SPjHFetsmQBA','2020-11-12 16:36:20.974665'),('44yqxttesox91jji57a69wt78ucentcn','.eJxVjMsOwiAQRf-FtSHA8BCX7vsNBBhGqgaS0q6M_65NutDtPefcFwtxW2vYRlnCjOzCFDv9binmR2k7wHtst85zb-syJ74r_KCDTx3L83q4fwc1jvqtyRvK2mk4l4xakFNKgdEkoVgnJVqkqFB4p0UCzNIp4bT3BDZJCYbY-wPSRzcV:1kei3G:zCMrFwTOXLmrSdB_oKH9XyfHgmBqqp7vcjPe8OjkKxM','2020-11-30 17:12:26.221556'),('45yhhwkvof6u5dn2g90r497l5jeb4fbt','.eJxVjjkOwjAQRe_iGllx4vFCSc8ZItszQwJRHGVpQNwdB6WA8m9P_yXasK1duy00tz2Ks2jE6deLIT1o3AO8h_GWZcrjOvdR7hV5pIu8ZqThcnT_AF1YurJ2lrUFr6Kp2TECB2Iukr3RlXKKNGgE0L5uKlAck6kTMXrL3msDqUAHDNMXnOf-SeVS9f4AiFk-7A:1l5G6M:zXTBSQqvRPOjPnGSv1cZ9vKlBVRu0AW41D7G2-72AR8','2021-02-11 22:49:22.542460'),('4ko7rfh3an7n116hcw5hbcfmeboidp2e','.eJxVjjkOwjAQRe_iGkXeHdOBKCm4gTUZj3EgSlBCGhB3x4EUUI3031_myQLM9xzmicbQRrZlNdv8ag3glfoFxAv05-GLugi3akXV8bA77VfbXzbDlEsQFUlHhgvprTVeG0-unMRRKKdlbJKI5ACVNUgcNCTytQWLhoNCj6V02fsUD2P7oPKNeL0B9to8zA:1l1A8O:zMQiZ1nnjU5wAVcq0weIRjfvue9Pvs5BRFCBIyUjnPg','2021-01-31 15:38:32.803772'),('7bz8q3qbzk74tej03mwux6vlltpgdsj8','.eJxVjMsOwiAQRf-FtSHA8BCX7vsNBBhGqgaS0q6M_65NutDtPefcFwtxW2vYRlnCjOzCFDv9binmR2k7wHtst85zb-syJ74r_KCDTx3L83q4fwc1jvqtyRvK2mk4l4xakFNKgdEkoVgnJVqkqFB4p0UCzNIp4bT3BDZJCYbY-wPSRzcV:1kkc5e:mbEgo_zilnzDi-ekyTDl7Y575zvkRsJexoTfy24yUNA','2020-12-17 00:03:18.309123'),('8zq9lz6heg5m5twat6qmqls4m78m9vvi','.eJxVjrsOgjAUht-lsyG90VPcNI4OvkFzetpalIABWTS-u0UZdP2___ZkDud7dvMUR9cGtmWCs82v6JGusV9IuGB_Hr6oC3irVlQdD7vTfrX9ZTNOuQS9pNomqbUAgCRIe4KGDBivIAa0gUeuiBTxWGvFISEgJpIhQeNNsqV02fsUD2P7iOWNeL0BSDM9sg:1l3gRx:pNj68cQ6zcQ8HNqZcyF-YjzwzOLr3wbhdXcWskTxCK0','2021-02-07 14:33:09.830363'),('9fn9z26p1yhp2gymlcmq2eho52z94qw8','.eJxVjj0OwjAMhe-SGVVNk5CEDcTIwA0ix3ZIAbWopQuIu5NCB9is970fP0WA6Z7DNPIQWhIbIaVY_YoR8MLdTOgM3an_oivBrVpQddhvj7vF9pfNMOYSZG9RkdFr7cppnVUGpWNCp9hKpVAxopXJRGuMjhoT1bHxNUEEL5MvpfPep7gf2geXb5rXGy7qPTc:1l5F6e:JQ8GBYkRbNwfh42cj4WAAtX7nrn32XPKGzRh6-2r3n0','2021-02-11 21:45:36.879427'),('9n14xfh5yijygtgpvylm3jnqiojn6k77','YzNhNTZjZjIxYzE2MjZkOTcxYjc1ZmIwNDE2OTM3NDA2OTIxNzJiODp7Il9hdXRoX3VzZXJfaWQiOiIyIiwiX2F1dGhfdXNlcl9iYWNrZW5kIjoiZGphbmdvLmNvbnRyaWIuYXV0aC5iYWNrZW5kcy5Nb2RlbEJhY2tlbmQiLCJfYXV0aF91c2VyX2hhc2giOiJkMjVkYjY0NDdkYmI3MmE5YzQwZDE1MDNiZGU1MzliNzY0NjczMTdmIn0=','2020-08-18 17:52:47.703905'),('9qoc7lyi4jcuqavyb20hc5sq3c9b3dcl','.eJxVjMsOwiAQRf-FtSHA8BCX7vsNBBhGqgaS0q6M_65NutDtPefcFwtxW2vYRlnCjOzCFDv9binmR2k7wHtst85zb-syJ74r_KCDTx3L83q4fwc1jvqtyRvK2mk4l4xakFNKgdEkoVgnJVqkqFB4p0UCzNIp4bT3BDZJCYbY-wPSRzcV:1keJLA:UGvwu96dyNoXjiCKtlKBbJ8KSDaOF1LxzC9U8pusX7s','2020-11-29 14:49:16.861015'),('9zk3wmdx6fihbbasv1j0ewtkcn682t7z','.eJxVjMsOwiAQRf-FtSHA8BCX7vsNBBhGqgaS0q6M_65NutDtPefcFwtxW2vYRlnCjOzCFDv9binmR2k7wHtst85zb-syJ74r_KCDTx3L83q4fwc1jvqtyRvK2mk4l4xakFNKgdEkoVgnJVqkqFB4p0UCzNIp4bT3BDZJCYbY-wPSRzcV:1kNfQG:PZxu9SEg_Z0GZIDDvbZXLOwZhfBW4Hw4mpYLJTolhQw','2020-10-14 16:57:44.702707'),('cws8bwbiz63m27ehci0upa2e15vu6erh','.eJxVjrsOgjAUht-lsyG90VPcNI4OvkFzetpalIABWTS-u0UZdP2___ZkDud7dvMUR9cGtmWCs82v6JGusV9IuGB_Hr6oC3irVlQdD7vTfrX9ZTNOuQS9pNomqbUAgCRIe4KGDBivIAa0gUeuiBTxWGvFISEgJpIhQeNNsqV02fsUD2P7iOWNeL0BSDM9sg:1l44Wm:o6rfDCWdGjScMOd6TGyhzJP7djDiTNK4bjk0EQKTJeM','2021-02-08 16:15:44.441798'),('da27prr4k4tqbhwsn9s1nzs1fxar507t','.eJxVjMsOwiAQRf-FtSHA8BCX7vsNBBhGqgaS0q6M_65NutDtPefcFwtxW2vYRlnCjOzCFDv9binmR2k7wHtst85zb-syJ74r_KCDTx3L83q4fwc1jvqtyRvK2mk4l4xakFNKgdEkoVgnJVqkqFB4p0UCzNIp4bT3BDZJCYbY-wPSRzcV:1kdJmI:vu6V0hXeNo-yM_Y_yLBUOJSh8BQmfZ2FnSdD7RuxbVE','2020-11-26 21:05:10.158092'),('djlvre34flcuhpm2xryg0l57od7657l2','.eJxVjMsOwiAQRf-FtSHA8BCX7vsNBBhGqgaS0q6M_65NutDtPefcFwtxW2vYRlnCjOzCFDv9binmR2k7wHtst85zb-syJ74r_KCDTx3L83q4fwc1jvqtyRvK2mk4l4xakFNKgdEkoVgnJVqkqFB4p0UCzNIp4bT3BDZJCYbY-wPSRzcV:1kKOXJ:BVLWItCCiNyn0d1fXejxPr1OWmcaO2c5oBE1h7LRzrA','2020-10-05 16:19:29.154018'),('dxs5xtcn7cb3e0kkyt7ry24sgv6ne43w','.eJxVjMsOwiAQRf-FtSHA8BCX7vsNBBhGqgaS0q6M_65NutDtPefcFwtxW2vYRlnCjOzCFDv9binmR2k7wHtst85zb-syJ74r_KCDTx3L83q4fwc1jvqtyRvK2mk4l4xakFNKgdEkoVgnJVqkqFB4p0UCzNIp4bT3BDZJCYbY-wPSRzcV:1kUHyZ:OzZ6fDAWwFc8ZqE2HjerPuusqrbTwiHiJ4tbt3G9Hm4','2020-11-01 23:20:31.588143'),('hncbxsv4wbzpmm2lfjay8mtan2u1gwo2','.eJxVjMsOwiAQRf-FtSHA8BCX7vsNBBhGqgaS0q6M_65NutDtPefcFwtxW2vYRlnCjOzCFDv9binmR2k7wHtst85zb-syJ74r_KCDTx3L83q4fwc1jvqtyRvK2mk4l4xakFNKgdEkoVgnJVqkqFB4p0UCzNIp4bT3BDZJCYbY-wPSRzcV:1kei9d:ONuzleGWw5g9utFlZoXriBIp91E0Q8UNy_ZVhOhNMHE','2020-11-30 17:19:01.788415'),('htsp0w8q3gpk16c0d1uhtevljqktx1d6','.eJxVjMsOwiAQRf-FtSHA8BCX7vsNBBhGqgaS0q6M_65NutDtPefcFwtxW2vYRlnCjOzCFDv9binmR2k7wHtst85zb-syJ74r_KCDTx3L83q4fwc1jvqtyRvK2mk4l4xakFNKgdEkoVgnJVqkqFB4p0UCzNIp4bT3BDZJCYbY-wPSRzcV:1kKOXC:Mba-m2_ExUqssCB_Y7twAqY74FElE9gDYa7g4T-RA9c','2020-10-05 16:19:22.985886'),('iab0gxflcozo3gbvw63d4x2jsx24be8q','.eJxVjstOwzAQRf_F6zTy2I3z2IEqIVCFkGAfTTxjYtqmIY8ujPh37NIFbM-ZO_d-iRbXpW_XmafWk2iEEdlf1qE98JAEfeDwfv5VR8Ixv6l8v7t7ub-d_cv2OPcxyI4c6Yo1gbKgNSp0TtXaus4ZtlAh1cqUxoBUytoO0YEqwDEXKMmkQanv-vg8-cBxDWTigkdPbQiiWaaVMxFCKo19IeA4Ip38ILci8RHnOfLPh2V9fsK9NpdXU_jHq1v8iaNTUsFGwgaqNzANFM22zKGuSy3F9w9IYF2-:1l4T5p:rSN1MMdvefjvjcNTuMWq4FvZ4N7BPS7IV9ij83fTYFs','2021-02-09 18:29:33.065964'),('k5h9b2wb6g8xs0weyl6sgp2lc9csdr6p','.eJxVjMsOwiAQRf-FtSHA8BCX7vsNBBhGqgaS0q6M_65NutDtPefcFwtxW2vYRlnCjOzCFDv9binmR2k7wHtst85zb-syJ74r_KCDTx3L83q4fwc1jvqtyRvK2mk4l4xakFNKgdEkoVgnJVqkqFB4p0UCzNIp4bT3BDZJCYbY-wPSRzcV:1ks805:fBySquppbkYcR-2AKcEXlXZ2J8qCgLacL9qc6SIJrQ0','2021-01-06 17:32:37.211822'),('l1v5vplugsjx3a8rsh5sk0c60wjlk85u','.eJxVjMsOwiAQRf-FtSHA8BCX7vsNBBhGqgaS0q6M_65NutDtPefcFwtxW2vYRlnCjOzCFDv9binmR2k7wHtst85zb-syJ74r_KCDTx3L83q4fwc1jvqtyRvK2mk4l4xakFNKgdEkoVgnJVqkqFB4p0UCzNIp4bT3BDZJCYbY-wPSRzcV:1kl7Va:i2I3LKguc4rSJJMerScPcTcuL2Nq90JE3Y9-iYFmh18','2020-12-18 09:36:10.247241'),('l7fjzx3vdubsxvyx1dip5qhd6v8aysyh','.eJxVjjkOwjAQRe_iGkUTY2dsOhAlBTewZrzgAEpQQhoQd8eBFND-97encDTds5vGOLg2iI1AsfrVmPwldjMIZ-pO_RddA92qBVWH_fa4W2x_2UxjLkGGkLRXFs0aIhpJmr1JCShJT02NWsvGWk41RVAeDWhpGUliRMUpQCmd9z7F_dA-YnkjX28amjz4:1kz5u0:RjUKggy3sdk8NRdt5pCnAUWWZkLR7hLh0WupUy9Acr8','2021-01-25 22:43:08.405375'),('lmsz3egcbycsilyu0gmnvqlweyz1sdkl','.eJxVjMsOwiAQRf-FtSHA8BCX7vsNBBhGqgaS0q6M_65NutDtPefcFwtxW2vYRlnCjOzCFDv9binmR2k7wHtst85zb-syJ74r_KCDTx3L83q4fwc1jvqtyRvK2mk4l4xakFNKgdEkoVgnJVqkqFB4p0UCzNIp4bT3BDZJCYbY-wPSRzcV:1kkZux:WyzvLpv7stK4U1wsDmenyUBKr6m42scW-nONQKU6YAA','2020-12-16 21:44:07.382266'),('m12n4jkfb2aumldnuqydyhhtsxuzi3bu','.eJxVjMsOwiAQRf-FtSHA8BCX7vsNBBhGqgaS0q6M_65NutDtPefcFwtxW2vYRlnCjOzCFDv9binmR2k7wHtst85zb-syJ74r_KCDTx3L83q4fwc1jvqtyRvK2mk4l4xakFNKgdEkoVgnJVqkqFB4p0UCzNIp4bT3BDZJCYbY-wPSRzcV:1kK4BP:68L6GZAhjwQ8c2NF-NZJzRMljM4tC8UQAxiW-UIt4ME','2020-10-04 18:35:31.641890'),('n3sqnwl30au78tp7avhwor8jo9h3vp47','.eJxVjMsOwiAQRf-FtSHA8BCX7vsNBBhGqgaS0q6M_65NutDtPefcFwtxW2vYRlnCjOzCFDv9binmR2k7wHtst85zb-syJ74r_KCDTx3L83q4fwc1jvqtyRvK2mk4l4xakFNKgdEkoVgnJVqkqFB4p0UCzNIp4bT3BDZJCYbY-wPSRzcV:1kipan:GB_szcaX8ZorA5q6q1p9qlZ1JrtTzSIK1jKOiHT5SWU','2020-12-12 02:04:05.758282'),('nmi13ct4dhf5qmid2fljz16a57eb2cxo','.eJxVjk2vgjAQRf9L10raqVRgp9EXTVy40DUZOlPBD14j8F5S438X1IVuz5l779xEjl1b5l3D17wikQkjRp-sQHviehB0xPrw-1JnQh-9VbRZzLbz99lXtsSm7IPsyJFOWJMCq7RGQOcg1dYVzrBVCVIKZmqMkgDWFohOQawcc4ySzPDQH54rykMQWXvteCRCGAb67hDQe6RLVcuJGLjHpun5LIXtej9f_S_px6_23dO11YV7BxLkWMEY9A4gm8SZSqMkkWYK4v4AtutWeQ:1ksCsh:P1ym6IEbD-_FVUXtyztS0vtc5wvnf0BEXXW2u-3NNSI','2021-01-06 22:45:19.951939'),('piojbbk3mrsaqq76u0j86vfb3wpb92b6','.eJxVjMsOwiAQRf-FtSHA8BCX7vsNBBhGqgaS0q6M_65NutDtPefcFwtxW2vYRlnCjOzCFDv9binmR2k7wHtst85zb-syJ74r_KCDTx3L83q4fwc1jvqtyRvK2mk4l4xakFNKgdEkoVgnJVqkqFB4p0UCzNIp4bT3BDZJCYbY-wPSRzcV:1kiveX:Kr3Ktw-kKk4J_R530U0oxLD0xazHWbV6W98xTRrz9LU','2020-12-12 08:32:21.185972'),('pr2raqop5w25b6ltibutf4uujcfdc08h','.eJxVjMsOwiAQRf-FtSHA8BCX7vsNBBhGqgaS0q6M_65NutDtPefcFwtxW2vYRlnCjOzCFDv9binmR2k7wHtst85zb-syJ74r_KCDTx3L83q4fwc1jvqtyRvK2mk4l4xakFNKgdEkoVgnJVqkqFB4p0UCzNIp4bT3BDZJCYbY-wPSRzcV:1krU86:uPq_RsfLmue0B2Y84OLYqRBRqd7zoqHPFOZdAomMliU','2021-01-04 22:58:14.761896'),('qbf9vau8y2ua0yprf4w5r4mu800m5bmd','.eJxVjMsOwiAQRf-FtSHA8BCX7vsNBBhGqgaS0q6M_65NutDtPefcFwtxW2vYRlnCjOzCFDv9binmR2k7wHtst85zb-syJ74r_KCDTx3L83q4fwc1jvqtyRvK2mk4l4xakFNKgdEkoVgnJVqkqFB4p0UCzNIp4bT3BDZJCYbY-wPSRzcV:1kZyk7:sDnFAX1NjVKozczImaaxInd-5_EsIxKjzzYAIy-IzpE','2020-11-17 16:01:07.478182'),('rk50g910fq31ec9l7c9ukrs3h2xtms1q','YzNhNTZjZjIxYzE2MjZkOTcxYjc1ZmIwNDE2OTM3NDA2OTIxNzJiODp7Il9hdXRoX3VzZXJfaWQiOiIyIiwiX2F1dGhfdXNlcl9iYWNrZW5kIjoiZGphbmdvLmNvbnRyaWIuYXV0aC5iYWNrZW5kcy5Nb2RlbEJhY2tlbmQiLCJfYXV0aF91c2VyX2hhc2giOiJkMjVkYjY0NDdkYmI3MmE5YzQwZDE1MDNiZGU1MzliNzY0NjczMTdmIn0=','2020-09-24 20:05:00.814415'),('tff6tqlv86nzdhqfp70ypichr4p7o5vw','.eJxVjMsOwiAQRf-FtSHA8BCX7vsNBBhGqgaS0q6M_65NutDtPefcFwtxW2vYRlnCjOzCFDv9binmR2k7wHtst85zb-syJ74r_KCDTx3L83q4fwc1jvqtyRvK2mk4l4xakFNKgdEkoVgnJVqkqFB4p0UCzNIp4bT3BDZJCYbY-wPSRzcV:1kSoy7:SIMR8TRJX4ri_6mr3pK1puYPsqoVWWWAYBQp8islXoE','2020-10-28 22:09:59.393153'),('tklrufme4o2b8usz0fnypv31gmy8iwvj','.eJxVjMsOwiAQRf-FtSHA8BCX7vsNBBhGqgaS0q6M_65NutDtPefcFwtxW2vYRlnCjOzCFDv9binmR2k7wHtst85zb-syJ74r_KCDTx3L83q4fwc1jvqtyRvK2mk4l4xakFNKgdEkoVgnJVqkqFB4p0UCzNIp4bT3BDZJCYbY-wPSRzcV:1kNhRG:XMZLRK17nWGOBiIzx0cTD0MHQGRGom1KvNc5ZQAkDg8','2020-10-14 19:06:54.369237'),('ua1uplmhyuthjns1kz5ihd3tugyrrpmc','.eJxVjMsOwiAQRf-FtSHA8BCX7vsNBBhGqgaS0q6M_65NutDtPefcFwtxW2vYRlnCjOzCFDv9binmR2k7wHtst85zb-syJ74r_KCDTx3L83q4fwc1jvqtyRvK2mk4l4xakFNKgdEkoVgnJVqkqFB4p0UCzNIp4bT3BDZJCYbY-wPSRzcV:1kmKQO:0KOa4eblDqb6H0tHBXwT6e9s9hT6eavWMwomaLg7lw8','2020-12-21 17:35:48.084292'),('ubqp35scs5v3mbvn1nq1owkvp1au2515','.eJxVjMsOwiAQRf-FtSHA8BCX7vsNBBhGqgaS0q6M_65NutDtPefcFwtxW2vYRlnCjOzCFDv9binmR2k7wHtst85zb-syJ74r_KCDTx3L83q4fwc1jvqtyRvK2mk4l4xakFNKgdEkoVgnJVqkqFB4p0UCzNIp4bT3BDZJCYbY-wPSRzcV:1kl5EU:R9_MBpsDh4Lw92rS1fkoWMyzYTiPorai5ZZ8ra6BTSI','2020-12-18 07:10:22.164415'),('uc4591c0li2fwfe6mbe1vqdw6hgsiuzf','.eJxVjMsOwiAQRf-FtSHA8BCX7vsNBBhGqgaS0q6M_65NutDtPefcFwtxW2vYRlnCjOzCFDv9binmR2k7wHtst85zb-syJ74r_KCDTx3L83q4fwc1jvqtyRvK2mk4l4xakFNKgdEkoVgnJVqkqFB4p0UCzNIp4bT3BDZJCYbY-wPSRzcV:1kKOa1:hAo_Bwy9XwEY3VZQRQePaM56QGJMiUenSFmfYYzha9Q','2020-10-05 16:22:17.482406'),('yvnofm4c438ibfqr3b4hinbrhsu50esm','.eJxVjMsOwiAQRf-FtSHA8BCX7vsNBBhGqgaS0q6M_65NutDtPefcFwtxW2vYRlnCjOzCFDv9binmR2k7wHtst85zb-syJ74r_KCDTx3L83q4fwc1jvqtyRvK2mk4l4xakFNKgdEkoVgnJVqkqFB4p0UCzNIp4bT3BDZJCYbY-wPSRzcV:1kkqXQ:cLdZgxsQKFkM29qnjL1AiZOyRqoGyVNWPMehtpigROc','2020-12-17 15:28:56.150408');
/*!40000 ALTER TABLE `django_session` ENABLE KEYS */;
UNLOCK TABLES;

--
-- Table structure for table `tcadmin_app`
--

DROP TABLE IF EXISTS `tcadmin_app`;
/*!40101 SET @saved_cs_client     = @@character_set_client */;
/*!40101 SET character_set_client = utf8 */;
CREATE TABLE `tcadmin_app` (
  `id` int(11) NOT NULL AUTO_INCREMENT,
  `name` varchar(128) NOT NULL,
  `color` varchar(30) NOT NULL,
  `status` varchar(128) NOT NULL,
  `env_id` int(11) NOT NULL,
  `tc_id` int(11) NOT NULL,
  PRIMARY KEY (`id`),
  KEY `tcadmin_app_env_id_b475eaa1_fk_tcadmin_env_id` (`env_id`),
  KEY `tcadmin_app_tc_id_975424e3_fk_tcadmin_tc_id` (`tc_id`),
  CONSTRAINT `tcadmin_app_env_id_b475eaa1_fk_tcadmin_env_id` FOREIGN KEY (`env_id`) REFERENCES `tcadmin_env` (`id`),
  CONSTRAINT `tcadmin_app_tc_id_975424e3_fk_tcadmin_tc_id` FOREIGN KEY (`tc_id`) REFERENCES `tcadmin_tc` (`id`)
) ENGINE=InnoDB AUTO_INCREMENT=325323 DEFAULT CHARSET=utf8mb4;
/*!40101 SET character_set_client = @saved_cs_client */;

--
-- Dumping data for table `tcadmin_app`
--

LOCK TABLES `tcadmin_app` WRITE;
/*!40000 ALTER TABLE `tcadmin_app` DISABLE KEYS */;
INSERT INTO `tcadmin_app` VALUES (324399,'AgentAdminWeb','green','running',155,1387),(324400,'CorpReportsWeb','green','running',155,1387),(324401,'eCommissions','green','running',155,1387),(324402,'RiskShareReportProviderWS','green','running',155,1387),(324403,'riskshare','green','running',155,1387),(324404,'sgaDocumentLocatorService','green','running',155,1387),(324405,'SpeedERatesWeb','green','running',155,1387),(324406,'agentPortalService','inherit','',155,1387),(324407,'quoteService','inherit','',155,1387),(324408,'quotingClient','inherit','',155,1387),(324409,'SecuredFormsWeb','green','running',155,1388),(324410,'cisNotes','green','running',155,1388),(324411,'webforms','green','running',155,1388),(324412,'WebUtil','green','running',155,1388),(324413,'handbook','green','running',155,1388),(324414,'WebUsageReports','green','running',155,1388),(324415,'PubRptWeb','green','running',155,1388),(324416,'ReportBrowserWeb','green','running',155,1388),(324417,'ebill','green','running',155,1389),(324418,'ebillAccountService','green','running',155,1389),(324419,'ebillPaymentService','green','running',155,1389),(324420,'ebillUserProfileService','green','running',155,1389),(324421,'ebillUSbankClientService ','green','running',155,1389),(324422,'ebillAuthService','green','running',155,1389),(324423,'mymodaadmin','green','running',155,1390),(324424,'memberdashboardmobile','green','running',155,1390),(324425,'memberdashboard/rest/','inherit','',155,1390),(324426,'memberdashboard','green','running',155,1390),(324427,'EobService','green','running',155,1390),(324428,'DocumentProxyService','green','running',155,1390),(324429,'EndorsingPractitioner','green','running',155,1391),(324430,'ProviderSearch','green','running',155,1391),(324431,'providerService','green','running',155,1391),(324432,'memberService','green','running',155,1391),(324433,'AjaxHandler','green','running',155,1392),(324434,'authenticationService','green','running',155,1392),(324435,'BOEService','green','running',155,1392),(324436,'claimService','green','running',155,1392),(324437,'DCTRestService','green','running',155,1392),(324438,'InternalServices','green','running',155,1392),(324439,'ivrService','green','running',155,1392),(324440,'DynamicContentToolServiceAjax','green','running',155,1392),(324441,'DynamicContentToolService','green','running',155,1392),(324442,'DynamicContentToolWeb','green','running',155,1392),(324443,'FAXService','green','running',155,1392),(324444,'modaRestService','inherit','',155,1392),(324445,'samlRestService','green','running',155,1392),(324446,'signon','green','running',155,1392),(324447,'SharedServicesWeb','inherit','',155,1392),(324448,'WebAuthentication','green','running',155,1392),(324449,'OralWellness','green','running',155,1392),(324450,'MyModaApi','green','running',155,1392),(324451,'facetsCallTaskService','green','running',155,1392),(324452,'webResourcesService','inherit','',155,1392),(324453,'EBTWeb','green','running',155,1393),(324454,'employerdashboard','green','running',155,1394),(324455,'employerPortalService','green','running',155,1394),(324456,'employeeLookupService','green','running',155,1394),(324457,'employerSummaryService','green','running',155,1394),(324458,'EOSWeb','green','running',155,1394),(324459,'EOSPortal','green','running',155,1394),(324460,'groupAuthManagerRestService','green','running',155,1394),(324461,'GroupAuthManagerPortal','green','running',155,1394),(324462,'accumulatorService','green','running',155,1394),(324463,'ivrProviderService','green','running',155,1395),(324464,'modaRestBenefitServices','inherit','',155,1395),(324465,'AgentAdminWeb','green','running',156,1396),(324466,'CorpReportsWeb','green','running',156,1396),(324467,'eCommissions','green','running',156,1396),(324468,'RiskShareReportProviderWS','inherit','',156,1396),(324469,'riskshare','inherit','',156,1396),(324470,'sgaDocumentLocatorService','green','running',156,1396),(324471,'SpeedERatesWeb','green','running',156,1396),(324472,'agentPortalService','green','running',156,1396),(324473,'quoteService','green','running',156,1396),(324474,'quotingClient','inherit','',156,1396),(324475,'SecuredFormsWeb','green','running',156,1397),(324476,'cisNotes','green','running',156,1397),(324477,'webforms','green','running',156,1397),(324478,'WebUtil','green','running',156,1397),(324479,'handbook','green','running',156,1397),(324480,'WebUsageReports','green','running',156,1397),(324481,'PubRptWeb','green','running',156,1397),(324482,'ReportBrowserWeb','green','running',156,1397),(324483,'ebill','green','running',156,1398),(324484,'ebillAccountService','green','running',156,1398),(324485,'ebillPaymentService','green','running',156,1398),(324486,'ebillUserProfileService','green','running',156,1398),(324487,'ebillUSbankClientService ','green','running',156,1398),(324488,'ebillAuthService','green','running',156,1398),(324489,'mymodaadmin','green','running',156,1399),(324490,'memberdashboardmobile','green','running',156,1399),(324491,'memberdashboard/rest/','inherit','',156,1399),(324492,'memberdashboard','green','running',156,1399),(324493,'EobService','green','running',156,1399),(324494,'DocumentProxyService','green','running',156,1399),(324495,'EndorsingPractitioner','green','running',156,1400),(324496,'ProviderSearch','green','running',156,1400),(324497,'providerService','green','running',156,1400),(324498,'memberService','green','running',156,1400),(324499,'AjaxHandler','green','running',156,1401),(324500,'authenticationService','green','running',156,1401),(324501,'BOEService','green','running',156,1401),(324502,'claimService','green','running',156,1401),(324503,'DCTRestService','green','running',156,1401),(324504,'InternalServices','green','running',156,1401),(324505,'ivrService','green','running',156,1401),(324506,'DynamicContentToolServiceAjax','green','running',156,1401),(324507,'DynamicContentToolService','green','running',156,1401),(324508,'DynamicContentToolWeb','green','running',156,1401),(324509,'FAXService','green','running',156,1401),(324510,'modaRestService','green','running',156,1401),(324511,'samlRestService','green','running',156,1401),(324512,'signon','green','running',156,1401),(324513,'SharedServicesWeb','inherit','',156,1401),(324514,'WebAuthentication','green','running',156,1401),(324515,'OralWellness','green','running',156,1401),(324516,'MyModaApi','green','running',156,1401),(324517,'facetsCallTaskService','green','running',156,1401),(324518,'webResourcesService','inherit','',156,1401),(324519,'EBTWeb','green','running',156,1402),(324520,'employerdashboard','green','running',156,1403),(324521,'employerPortalService','green','running',156,1403),(324522,'employeeLookupService','green','running',156,1403),(324523,'employerSummaryService','green','running',156,1403),(324524,'EOSWeb','green','running',156,1403),(324525,'EOSPortal','green','running',156,1403),(324526,'groupAuthManagerRestService','green','running',156,1403),(324527,'GroupAuthManagerPortal','green','running',156,1403),(324528,'accumulatorService','green','running',156,1403),(324529,'ivrProviderService','green','running',156,1404),(324530,'modaRestBenefitServices','inherit','',156,1404),(324531,'AgentAdminWeb','green','running',157,1405),(324532,'CorpReportsWeb','green','running',157,1405),(324533,'eCommissions','green','running',157,1405),(324534,'RiskShareReportProviderWS','green','running',157,1405),(324535,'riskshare','green','running',157,1405),(324536,'sgaDocumentLocatorService','green','running',157,1405),(324537,'SpeedERatesWeb','green','running',157,1405),(324538,'agentPortalService','green','running',157,1405),(324539,'quoteService','inherit','',157,1405),(324540,'quotingClient','inherit','',157,1405),(324541,'SecuredFormsWeb','green','running',157,1406),(324542,'cisNotes','green','running',157,1406),(324543,'webforms','green','running',157,1406),(324544,'WebUtil','green','running',157,1406),(324545,'handbook','green','running',157,1406),(324546,'WebUsageReports','green','running',157,1406),(324547,'PubRptWeb','green','running',157,1406),(324548,'ReportBrowserWeb','green','running',157,1406),(324549,'ebill','green','running',157,1407),(324550,'ebillAccountService','green','running',157,1407),(324551,'ebillPaymentService','green','running',157,1407),(324552,'ebillUserProfileService','green','running',157,1407),(324553,'ebillUSbankClientService ','green','running',157,1407),(324554,'ebillAuthService','green','running',157,1407),(324555,'mymodaadmin','green','running',157,1408),(324556,'memberdashboardmobile','green','running',157,1408),(324557,'memberdashboard/rest/','inherit','',157,1408),(324558,'memberdashboard','green','running',157,1408),(324559,'EobService','green','running',157,1408),(324560,'DocumentProxyService','green','running',157,1408),(324561,'EndorsingPractitioner','green','running',157,1409),(324562,'ProviderSearch','green','running',157,1409),(324563,'providerService','green','running',157,1409),(324564,'memberService','green','running',157,1409),(324565,'AjaxHandler','green','running',157,1410),(324566,'authenticationService','green','running',157,1410),(324567,'BOEService','green','running',157,1410),(324568,'claimService','green','running',157,1410),(324569,'DCTRestService','green','running',157,1410),(324570,'InternalServices','green','running',157,1410),(324571,'ivrService','green','running',157,1410),(324572,'DynamicContentToolServiceAjax','green','running',157,1410),(324573,'DynamicContentToolService','green','running',157,1410),(324574,'DynamicContentToolWeb','green','running',157,1410),(324575,'FAXService','green','running',157,1410),(324576,'modaRestService','green','running',157,1410),(324577,'samlRestService','green','running',157,1410),(324578,'signon','green','running',157,1410),(324579,'SharedServicesWeb','inherit','',157,1410),(324580,'WebAuthentication','green','running',157,1410),(324581,'OralWellness','green','running',157,1410),(324582,'MyModaApi','green','running',157,1410),(324583,'facetsCallTaskService','green','running',157,1410),(324584,'webResourcesService','green','running',157,1410),(324585,'EBTWeb','green','running',157,1411),(324586,'employerdashboard','green','running',157,1412),(324587,'employerPortalService','green','running',157,1412),(324588,'employeeLookupService','green','running',157,1412),(324589,'employerSummaryService','green','running',157,1412),(324590,'EOSWeb','green','running',157,1412),(324591,'EOSPortal','green','running',157,1412),(324592,'groupAuthManagerRestService','green','running',157,1412),(324593,'GroupAuthManagerPortal','green','running',157,1412),(324594,'accumulatorService','green','running',157,1412),(324595,'ivrProviderService','green','running',157,1413),(324596,'modaRestBenefitServices','inherit','',157,1413),(324597,'AgentAdminWeb','green','running',158,1414),(324598,'CorpReportsWeb','green','running',158,1414),(324599,'eCommissions','green','running',158,1414),(324600,'RiskShareReportProviderWS','green','running',158,1414),(324601,'riskshare','green','running',158,1414),(324602,'sgaDocumentLocatorService','green','running',158,1414),(324603,'SpeedERatesWeb','green','running',158,1414),(324604,'agentPortalService','inherit','',158,1414),(324605,'quoteService','inherit','',158,1414),(324606,'quotingClient','inherit','',158,1414),(324607,'SecuredFormsWeb','green','running',158,1415),(324608,'cisNotes','green','running',158,1415),(324609,'webforms','green','running',158,1415),(324610,'WebUtil','green','running',158,1415),(324611,'handbook','green','running',158,1415),(324612,'WebUsageReports','green','running',158,1415),(324613,'PubRptWeb','green','running',158,1415),(324614,'ReportBrowserWeb','green','running',158,1415),(324615,'ebill','green','running',158,1416),(324616,'ebillAccountService','green','running',158,1416),(324617,'ebillPaymentService','green','running',158,1416),(324618,'ebillUserProfileService','green','running',158,1416),(324619,'ebillUSbankClientService ','green','running',158,1416),(324620,'ebillAuthService','green','running',158,1416),(324621,'mymodaadmin','green','running',158,1417),(324622,'memberdashboardmobile','green','running',158,1417),(324623,'memberdashboard/rest/','inherit','',158,1417),(324624,'memberdashboard','green','running',158,1417),(324625,'EobService','green','running',158,1417),(324626,'DocumentProxyService','green','running',158,1417),(324627,'EndorsingPractitioner','green','running',158,1418),(324628,'ProviderSearch','green','running',158,1418),(324629,'providerService','green','running',158,1418),(324630,'memberService','green','running',158,1418),(324631,'AjaxHandler','green','running',158,1419),(324632,'authenticationService','yellow','stopped',158,1419),(324633,'BOEService','green','running',158,1419),(324634,'claimService','green','running',158,1419),(324635,'DCTRestService','green','running',158,1419),(324636,'InternalServices','green','running',158,1419),(324637,'ivrService','green','running',158,1419),(324638,'DynamicContentToolServiceAjax','green','running',158,1419),(324639,'DynamicContentToolService','green','running',158,1419),(324640,'DynamicContentToolWeb','green','running',158,1419),(324641,'FAXService','green','running',158,1419),(324642,'modaRestService','green','running',158,1419),(324643,'samlRestService','green','running',158,1419),(324644,'signon','green','running',158,1419),(324645,'SharedServicesWeb','inherit','',158,1419),(324646,'WebAuthentication','green','running',158,1419),(324647,'OralWellness','green','running',158,1419),(324648,'MyModaApi','green','running',158,1419),(324649,'facetsCallTaskService','green','running',158,1419),(324650,'webResourcesService','inherit','',158,1419),(324651,'EBTWeb','green','running',158,1420),(324652,'employerdashboard','green','running',158,1421),(324653,'employerPortalService','green','running',158,1421),(324654,'employeeLookupService','green','running',158,1421),(324655,'employerSummaryService','green','running',158,1421),(324656,'EOSWeb','green','running',158,1421),(324657,'EOSPortal','green','running',158,1421),(324658,'groupAuthManagerRestService','green','running',158,1421),(324659,'GroupAuthManagerPortal','green','running',158,1421),(324660,'accumulatorService','inherit','',158,1421),(324661,'ivrProviderService','green','running',158,1422),(324662,'modaRestBenefitServices','green','running',158,1422),(324663,'AgentAdminWeb','green','running',159,1423),(324664,'CorpReportsWeb','green','running',159,1423),(324665,'eCommissions','green','running',159,1423),(324666,'RiskShareReportProviderWS','green','running',159,1423),(324667,'riskshare','green','running',159,1423),(324668,'sgaDocumentLocatorService','green','running',159,1423),(324669,'SpeedERatesWeb','green','running',159,1423),(324670,'agentPortalService','green','running',159,1423),(324671,'quoteService','green','running',159,1423),(324672,'quotingClient','inherit','',159,1423),(324673,'SecuredFormsWeb','green','running',159,1424),(324674,'cisNotes','green','running',159,1424),(324675,'webforms','green','running',159,1424),(324676,'WebUtil','green','running',159,1424),(324677,'handbook','green','running',159,1424),(324678,'WebUsageReports','green','running',159,1424),(324679,'PubRptWeb','green','running',159,1424),(324680,'ReportBrowserWeb','green','running',159,1424),(324681,'ebill','green','running',159,1425),(324682,'ebillAccountService','green','running',159,1425),(324683,'ebillPaymentService','green','running',159,1425),(324684,'ebillUserProfileService','green','running',159,1425),(324685,'ebillUSbankClientService ','green','running',159,1425),(324686,'ebillAuthService','green','running',159,1425),(324687,'mymodaadmin','green','running',159,1426),(324688,'memberdashboardmobile','green','running',159,1426),(324689,'memberdashboard/rest/','inherit','',159,1426),(324690,'memberdashboard','green','running',159,1426),(324691,'EobService','green','running',159,1426),(324692,'DocumentProxyService','green','running',159,1426),(324693,'EndorsingPractitioner','green','running',159,1427),(324694,'ProviderSearch','green','running',159,1427),(324695,'providerService','green','running',159,1427),(324696,'memberService','green','running',159,1427),(324697,'AjaxHandler','green','running',159,1428),(324698,'authenticationService','green','running',159,1428),(324699,'BOEService','green','running',159,1428),(324700,'claimService','green','running',159,1428),(324701,'DCTRestService','green','running',159,1428),(324702,'InternalServices','green','running',159,1428),(324703,'ivrService','green','running',159,1428),(324704,'DynamicContentToolServiceAjax','green','running',159,1428),(324705,'DynamicContentToolService','green','running',159,1428),(324706,'DynamicContentToolWeb','green','running',159,1428),(324707,'FAXService','green','running',159,1428),(324708,'modaRestService','green','running',159,1428),(324709,'samlRestService','green','running',159,1428),(324710,'signon','green','running',159,1428),(324711,'SharedServicesWeb','inherit','',159,1428),(324712,'WebAuthentication','green','running',159,1428),(324713,'OralWellness','green','running',159,1428),(324714,'MyModaApi','green','running',159,1428),(324715,'facetsCallTaskService','green','running',159,1428),(324716,'webResourcesService','inherit','',159,1428),(324717,'EBTWeb','green','running',159,1429),(324718,'employerdashboard','green','running',159,1430),(324719,'employerPortalService','green','running',159,1430),(324720,'employeeLookupService','green','running',159,1430),(324721,'employerSummaryService','green','running',159,1430),(324722,'EOSWeb','green','running',159,1430),(324723,'EOSPortal','green','running',159,1430),(324724,'groupAuthManagerRestService','green','running',159,1430),(324725,'GroupAuthManagerPortal','green','running',159,1430),(324726,'accumulatorService','green','running',159,1430),(324727,'ivrProviderService','green','running',159,1431),(324728,'modaRestBenefitServices','green','running',159,1431),(324729,'AgentAdminWeb','green','running',160,1432),(324730,'CorpReportsWeb','green','running',160,1432),(324731,'eCommissions','green','running',160,1432),(324732,'RiskShareReportProviderWS','inherit','',160,1432),(324733,'riskshare','inherit','',160,1432),(324734,'sgaDocumentLocatorService','green','running',160,1432),(324735,'SpeedERatesWeb','green','running',160,1432),(324736,'agentPortalService','inherit','',160,1432),(324737,'quoteService','inherit','',160,1432),(324738,'quotingClient','inherit','',160,1432),(324739,'SecuredFormsWeb','green','running',160,1433),(324740,'cisNotes','green','running',160,1433),(324741,'webforms','green','running',160,1433),(324742,'WebUtil','green','running',160,1433),(324743,'handbook','green','running',160,1433),(324744,'WebUsageReports','green','running',160,1433),(324745,'PubRptWeb','green','running',160,1433),(324746,'ReportBrowserWeb','green','running',160,1433),(324747,'ebill','green','running',160,1434),(324748,'ebillAccountService','green','running',160,1434),(324749,'ebillPaymentService','green','running',160,1434),(324750,'ebillUserProfileService','green','running',160,1434),(324751,'ebillUSbankClientService ','green','running',160,1434),(324752,'ebillAuthService','green','running',160,1434),(324753,'mymodaadmin','green','running',160,1435),(324754,'memberdashboardmobile','green','running',160,1435),(324755,'memberdashboard/rest/','inherit','',160,1435),(324756,'memberdashboard','green','running',160,1435),(324757,'EobService','green','running',160,1435),(324758,'DocumentProxyService','green','running',160,1435),(324759,'EndorsingPractitioner','green','running',160,1436),(324760,'ProviderSearch','green','running',160,1436),(324761,'providerService','green','running',160,1436),(324762,'memberService','green','running',160,1436),(324763,'AjaxHandler','green','running',160,1437),(324764,'authenticationService','green','running',160,1437),(324765,'BOEService','green','running',160,1437),(324766,'claimService','green','running',160,1437),(324767,'DCTRestService','green','running',160,1437),(324768,'InternalServices','green','running',160,1437),(324769,'ivrService','green','running',160,1437),(324770,'DynamicContentToolServiceAjax','green','running',160,1437),(324771,'DynamicContentToolService','green','running',160,1437),(324772,'DynamicContentToolWeb','green','running',160,1437),(324773,'FAXService','green','running',160,1437),(324774,'modaRestService','green','running',160,1437),(324775,'samlRestService','green','running',160,1437),(324776,'signon','green','running',160,1437),(324777,'SharedServicesWeb','inherit','',160,1437),(324778,'WebAuthentication','green','running',160,1437),(324779,'OralWellness','green','running',160,1437),(324780,'MyModaApi','green','running',160,1437),(324781,'facetsCallTaskService','green','running',160,1437),(324782,'webResourcesService','inherit','',160,1437),(324783,'EBTWeb','green','running',160,1438),(324784,'employerdashboard','green','running',160,1439),(324785,'employerPortalService','green','running',160,1439),(324786,'employeeLookupService','green','running',160,1439),(324787,'employerSummaryService','green','running',160,1439),(324788,'EOSWeb','green','running',160,1439),(324789,'EOSPortal','green','running',160,1439),(324790,'groupAuthManagerRestService','green','running',160,1439),(324791,'GroupAuthManagerPortal','green','running',160,1439),(324792,'accumulatorService','green','running',160,1439),(324793,'ivrProviderService','green','running',160,1440),(324794,'modaRestBenefitServices','green','running',160,1440),(324795,'AgentAdminWeb','green','running',161,1441),(324796,'CorpReportsWeb','green','running',161,1441),(324797,'eCommissions','green','running',161,1441),(324798,'RiskShareReportProviderWS','green','running',161,1441),(324799,'riskshare','green','running',161,1441),(324800,'sgaDocumentLocatorService','green','running',161,1441),(324801,'SpeedERatesWeb','green','running',161,1441),(324802,'agentPortalService','inherit','',161,1441),(324803,'quoteService','inherit','',161,1441),(324804,'quotingClient','inherit','',161,1441),(324805,'SecuredFormsWeb','green','running',161,1442),(324806,'cisNotes','green','running',161,1442),(324807,'webforms','green','running',161,1442),(324808,'WebUtil','green','running',161,1442),(324809,'handbook','green','running',161,1442),(324810,'WebUsageReports','green','running',161,1442),(324811,'PubRptWeb','green','running',161,1442),(324812,'ReportBrowserWeb','green','running',161,1442),(324813,'ebill','green','running',161,1443),(324814,'ebillAccountService','green','running',161,1443),(324815,'ebillPaymentService','green','running',161,1443),(324816,'ebillUserProfileService','green','running',161,1443),(324817,'ebillUSbankClientService ','green','running',161,1443),(324818,'ebillAuthService','green','running',161,1443),(324819,'mymodaadmin','green','running',161,1444),(324820,'memberdashboardmobile','green','running',161,1444),(324821,'memberdashboard/rest/','inherit','',161,1444),(324822,'memberdashboard','green','running',161,1444),(324823,'EobService','green','running',161,1444),(324824,'DocumentProxyService','green','running',161,1444),(324825,'EndorsingPractitioner','green','running',161,1445),(324826,'ProviderSearch','green','running',161,1445),(324827,'providerService','green','running',161,1445),(324828,'memberService','green','running',161,1445),(324829,'AjaxHandler','green','running',161,1446),(324830,'authenticationService','green','running',161,1446),(324831,'BOEService','green','running',161,1446),(324832,'claimService','green','running',161,1446),(324833,'DCTRestService','green','running',161,1446),(324834,'InternalServices','green','running',161,1446),(324835,'ivrService','green','running',161,1446),(324836,'DynamicContentToolServiceAjax','green','running',161,1446),(324837,'DynamicContentToolService','green','running',161,1446),(324838,'DynamicContentToolWeb','green','running',161,1446),(324839,'FAXService','green','running',161,1446),(324840,'modaRestService','green','running',161,1446),(324841,'samlRestService','green','running',161,1446),(324842,'signon','green','running',161,1446),(324843,'SharedServicesWeb','inherit','',161,1446),(324844,'WebAuthentication','green','running',161,1446),(324845,'OralWellness','green','running',161,1446),(324846,'MyModaApi','green','running',161,1446),(324847,'facetsCallTaskService','green','running',161,1446),(324848,'webResourcesService','inherit','',161,1446),(324849,'EBTWeb','green','running',161,1447),(324850,'employerdashboard','green','running',161,1448),(324851,'employerPortalService','green','running',161,1448),(324852,'employeeLookupService','green','running',161,1448),(324853,'employerSummaryService','green','running',161,1448),(324854,'EOSWeb','green','running',161,1448),(324855,'EOSPortal','green','running',161,1448),(324856,'groupAuthManagerRestService','green','running',161,1448),(324857,'GroupAuthManagerPortal','green','running',161,1448),(324858,'accumulatorService','green','running',161,1448),(324859,'ivrProviderService','green','running',161,1449),(324860,'modaRestBenefitServices','green','running',161,1449),(324861,'AgentAdminWeb','green','running',162,1450),(324862,'CorpReportsWeb','green','running',162,1450),(324863,'eCommissions','green','running',162,1450),(324864,'RiskShareReportProviderWS','green','running',162,1450),(324865,'riskshare','green','running',162,1450),(324866,'sgaDocumentLocatorService','green','running',162,1450),(324867,'SpeedERatesWeb','green','running',162,1450),(324868,'agentPortalService','inherit','',162,1450),(324869,'quoteService','inherit','',162,1450),(324870,'quotingClient','inherit','',162,1450),(324871,'SecuredFormsWeb','green','running',162,1451),(324872,'cisNotes','green','running',162,1451),(324873,'webforms','green','running',162,1451),(324874,'WebUtil','green','running',162,1451),(324875,'handbook','green','running',162,1451),(324876,'WebUsageReports','green','running',162,1451),(324877,'PubRptWeb','green','running',162,1451),(324878,'ReportBrowserWeb','green','running',162,1451),(324879,'ebill','green','running',162,1452),(324880,'ebillAccountService','green','running',162,1452),(324881,'ebillPaymentService','green','running',162,1452),(324882,'ebillUserProfileService','green','running',162,1452),(324883,'ebillUSbankClientService ','green','running',162,1452),(324884,'ebillAuthService','green','running',162,1452),(324885,'mymodaadmin','green','running',162,1453),(324886,'memberdashboardmobile','green','running',162,1453),(324887,'memberdashboard/rest/','inherit','',162,1453),(324888,'memberdashboard','green','running',162,1453),(324889,'EobService','green','running',162,1453),(324890,'DocumentProxyService','green','running',162,1453),(324891,'EndorsingPractitioner','green','running',162,1454),(324892,'ProviderSearch','green','running',162,1454),(324893,'providerService','green','running',162,1454),(324894,'memberService','green','running',162,1454),(324895,'AjaxHandler','green','running',162,1455),(324896,'authenticationService','green','running',162,1455),(324897,'BOEService','green','running',162,1455),(324898,'claimService','green','running',162,1455),(324899,'DCTRestService','green','running',162,1455),(324900,'InternalServices','green','running',162,1455),(324901,'ivrService','green','running',162,1455),(324902,'DynamicContentToolServiceAjax','green','running',162,1455),(324903,'DynamicContentToolService','green','running',162,1455),(324904,'DynamicContentToolWeb','green','running',162,1455),(324905,'FAXService','green','running',162,1455),(324906,'modaRestService','green','running',162,1455),(324907,'samlRestService','green','running',162,1455),(324908,'signon','green','running',162,1455),(324909,'SharedServicesWeb','inherit','',162,1455),(324910,'WebAuthentication','green','running',162,1455),(324911,'OralWellness','green','running',162,1455),(324912,'MyModaApi','green','running',162,1455),(324913,'facetsCallTaskService','green','running',162,1455),(324914,'webResourcesService','green','running',162,1455),(324915,'EBTWeb','green','running',162,1456),(324916,'employerdashboard','green','running',162,1457),(324917,'employerPortalService','green','running',162,1457),(324918,'employeeLookupService','green','running',162,1457),(324919,'employerSummaryService','green','running',162,1457),(324920,'EOSWeb','green','running',162,1457),(324921,'EOSPortal','green','running',162,1457),(324922,'groupAuthManagerRestService','green','running',162,1457),(324923,'GroupAuthManagerPortal','green','running',162,1457),(324924,'accumulatorService','green','running',162,1457),(324925,'ivrProviderService','green','running',162,1458),(324926,'modaRestBenefitServices','inherit','',162,1458),(324927,'AgentAdminWeb','green','running',163,1459),(324928,'CorpReportsWeb','green','running',163,1459),(324929,'eCommissions','green','running',163,1459),(324930,'RiskShareReportProviderWS','inherit','',163,1459),(324931,'riskshare','inherit','',163,1459),(324932,'sgaDocumentLocatorService','green','running',163,1459),(324933,'SpeedERatesWeb','green','running',163,1459),(324934,'agentPortalService','inherit','',163,1459),(324935,'quoteService','inherit','',163,1459),(324936,'quotingClient','inherit','',163,1459),(324937,'SecuredFormsWeb','green','running',163,1460),(324938,'cisNotes','green','running',163,1460),(324939,'webforms','green','running',163,1460),(324940,'WebUtil','green','running',163,1460),(324941,'handbook','green','running',163,1460),(324942,'WebUsageReports','green','running',163,1460),(324943,'PubRptWeb','green','running',163,1460),(324944,'ReportBrowserWeb','green','running',163,1460),(324945,'ebill','green','running',163,1461),(324946,'ebillAccountService','green','running',163,1461),(324947,'ebillPaymentService','green','running',163,1461),(324948,'ebillUserProfileService','green','running',163,1461),(324949,'ebillUSbankClientService ','green','running',163,1461),(324950,'ebillAuthService','green','running',163,1461),(324951,'mymodaadmin','green','running',163,1462),(324952,'memberdashboardmobile','green','running',163,1462),(324953,'memberdashboard/rest/','inherit','',163,1462),(324954,'memberdashboard','green','running',163,1462),(324955,'EobService','green','running',163,1462),(324956,'DocumentProxyService','green','running',163,1462),(324957,'EndorsingPractitioner','green','running',163,1463),(324958,'ProviderSearch','green','running',163,1463),(324959,'providerService','green','running',163,1463),(324960,'memberService','green','running',163,1463),(324961,'AjaxHandler','green','running',163,1464),(324962,'authenticationService','green','running',163,1464),(324963,'BOEService','green','running',163,1464),(324964,'claimService','green','running',163,1464),(324965,'DCTRestService','green','running',163,1464),(324966,'InternalServices','green','running',163,1464),(324967,'ivrService','green','running',163,1464),(324968,'DynamicContentToolServiceAjax','green','running',163,1464),(324969,'DynamicContentToolService','green','running',163,1464),(324970,'DynamicContentToolWeb','green','running',163,1464),(324971,'FAXService','green','running',163,1464),(324972,'modaRestService','green','running',163,1464),(324973,'samlRestService','green','running',163,1464),(324974,'signon','green','running',163,1464),(324975,'SharedServicesWeb','inherit','',163,1464),(324976,'WebAuthentication','green','running',163,1464),(324977,'OralWellness','green','running',163,1464),(324978,'MyModaApi','green','running',163,1464),(324979,'facetsCallTaskService','green','running',163,1464),(324980,'webResourcesService','inherit','',163,1464),(324981,'EBTWeb','green','running',163,1465),(324982,'employerdashboard','green','running',163,1466),(324983,'employerPortalService','green','running',163,1466),(324984,'employeeLookupService','green','running',163,1466),(324985,'employerSummaryService','green','running',163,1466),(324986,'EOSWeb','green','running',163,1466),(324987,'EOSPortal','green','running',163,1466),(324988,'groupAuthManagerRestService','green','running',163,1466),(324989,'GroupAuthManagerPortal','green','running',163,1466),(324990,'accumulatorService','green','running',163,1466),(324991,'ivrProviderService','green','running',163,1467),(324992,'modaRestBenefitServices','green','running',163,1467),(324993,'AgentAdminWeb','green','running',164,1468),(324994,'CorpReportsWeb','green','running',164,1468),(324995,'eCommissions','green','running',164,1468),(324996,'RiskShareReportProviderWS','green','running',164,1468),(324997,'riskshare','green','running',164,1468),(324998,'sgaDocumentLocatorService','green','running',164,1468),(324999,'SpeedERatesWeb','green','running',164,1468),(325000,'agentPortalService','inherit','',164,1468),(325001,'quoteService','inherit','',164,1468),(325002,'quotingClient','inherit','',164,1468),(325003,'SecuredFormsWeb','green','running',164,1469),(325004,'cisNotes','green','running',164,1469),(325005,'webforms','green','running',164,1469),(325006,'WebUtil','green','running',164,1469),(325007,'handbook','green','running',164,1469),(325008,'WebUsageReports','green','running',164,1469),(325009,'PubRptWeb','green','running',164,1469),(325010,'ReportBrowserWeb','green','running',164,1469),(325011,'ebill','green','running',164,1470),(325012,'ebillAccountService','green','running',164,1470),(325013,'ebillPaymentService','green','running',164,1470),(325014,'ebillUserProfileService','green','running',164,1470),(325015,'ebillUSbankClientService ','green','running',164,1470),(325016,'ebillAuthService','green','running',164,1470),(325017,'mymodaadmin','green','running',164,1471),(325018,'memberdashboardmobile','green','running',164,1471),(325019,'memberdashboard/rest/','inherit','',164,1471),(325020,'memberdashboard','green','running',164,1471),(325021,'EobService','green','running',164,1471),(325022,'DocumentProxyService','green','running',164,1471),(325023,'EndorsingPractitioner','green','running',164,1472),(325024,'ProviderSearch','green','running',164,1472),(325025,'providerService','green','running',164,1472),(325026,'memberService','green','running',164,1472),(325027,'AjaxHandler','green','running',164,1473),(325028,'authenticationService','green','running',164,1473),(325029,'BOEService','green','running',164,1473),(325030,'claimService','green','running',164,1473),(325031,'DCTRestService','green','running',164,1473),(325032,'InternalServices','green','running',164,1473),(325033,'ivrService','green','running',164,1473),(325034,'DynamicContentToolServiceAjax','green','running',164,1473),(325035,'DynamicContentToolService','green','running',164,1473),(325036,'DynamicContentToolWeb','green','running',164,1473),(325037,'FAXService','green','running',164,1473),(325038,'modaRestService','green','running',164,1473),(325039,'samlRestService','green','running',164,1473),(325040,'signon','green','running',164,1473),(325041,'SharedServicesWeb','inherit','',164,1473),(325042,'WebAuthentication','green','running',164,1473),(325043,'OralWellness','green','running',164,1473),(325044,'MyModaApi','green','running',164,1473),(325045,'facetsCallTaskService','green','running',164,1473),(325046,'webResourcesService','green','running',164,1473),(325047,'EBTWeb','green','running',164,1474),(325048,'employerdashboard','green','running',164,1475),(325049,'employerPortalService','green','running',164,1475),(325050,'employeeLookupService','green','running',164,1475),(325051,'employerSummaryService','green','running',164,1475),(325052,'EOSWeb','green','running',164,1475),(325053,'EOSPortal','green','running',164,1475),(325054,'groupAuthManagerRestService','green','running',164,1475),(325055,'GroupAuthManagerPortal','green','running',164,1475),(325056,'accumulatorService','green','running',164,1475),(325057,'ivrProviderService','green','running',164,1476),(325058,'modaRestBenefitServices','green','running',164,1476),(325059,'AgentAdminWeb','green','running',165,1477),(325060,'CorpReportsWeb','green','running',165,1477),(325061,'eCommissions','green','running',165,1477),(325062,'RiskShareReportProviderWS','green','running',165,1477),(325063,'riskshare','green','running',165,1477),(325064,'sgaDocumentLocatorService','green','running',165,1477),(325065,'SpeedERatesWeb','green','running',165,1477),(325066,'agentPortalService','inherit','',165,1477),(325067,'quoteService','inherit','',165,1477),(325068,'quotingClient','inherit','',165,1477),(325069,'SecuredFormsWeb','green','running',165,1478),(325070,'cisNotes','green','running',165,1478),(325071,'webforms','green','running',165,1478),(325072,'WebUtil','green','running',165,1478),(325073,'handbook','green','running',165,1478),(325074,'WebUsageReports','green','running',165,1478),(325075,'PubRptWeb','green','running',165,1478),(325076,'ReportBrowserWeb','green','running',165,1478),(325077,'ebill','green','running',165,1479),(325078,'ebillAccountService','green','running',165,1479),(325079,'ebillPaymentService','green','running',165,1479),(325080,'ebillUserProfileService','green','running',165,1479),(325081,'ebillUSbankClientService ','green','running',165,1479),(325082,'ebillAuthService','green','running',165,1479),(325083,'mymodaadmin','green','running',165,1480),(325084,'memberdashboardmobile','green','running',165,1480),(325085,'memberdashboard/rest/','inherit','',165,1480),(325086,'memberdashboard','green','running',165,1480),(325087,'EobService','green','running',165,1480),(325088,'DocumentProxyService','green','running',165,1480),(325089,'EndorsingPractitioner','green','running',165,1481),(325090,'ProviderSearch','green','running',165,1481),(325091,'providerService','green','running',165,1481),(325092,'memberService','green','running',165,1481),(325093,'AjaxHandler','green','running',165,1482),(325094,'authenticationService','green','running',165,1482),(325095,'BOEService','green','running',165,1482),(325096,'claimService','green','running',165,1482),(325097,'DCTRestService','green','running',165,1482),(325098,'InternalServices','green','running',165,1482),(325099,'ivrService','green','running',165,1482),(325100,'DynamicContentToolServiceAjax','green','running',165,1482),(325101,'DynamicContentToolService','green','running',165,1482),(325102,'DynamicContentToolWeb','green','running',165,1482),(325103,'FAXService','green','running',165,1482),(325104,'modaRestService','green','running',165,1482),(325105,'samlRestService','green','running',165,1482),(325106,'signon','green','running',165,1482),(325107,'SharedServicesWeb','inherit','',165,1482),(325108,'WebAuthentication','green','running',165,1482),(325109,'OralWellness','green','running',165,1482),(325110,'MyModaApi','green','running',165,1482),(325111,'facetsCallTaskService','green','running',165,1482),(325112,'webResourcesService','green','running',165,1482),(325113,'EBTWeb','green','running',165,1483),(325114,'employerdashboard','green','running',165,1484),(325115,'employerPortalService','green','running',165,1484),(325116,'employeeLookupService','green','running',165,1484),(325117,'employerSummaryService','green','running',165,1484),(325118,'EOSWeb','green','running',165,1484),(325119,'EOSPortal','green','running',165,1484),(325120,'groupAuthManagerRestService','green','running',165,1484),(325121,'GroupAuthManagerPortal','green','running',165,1484),(325122,'accumulatorService','green','running',165,1484),(325123,'ivrProviderService','green','running',165,1485),(325124,'modaRestBenefitServices','green','running',165,1485),(325125,'AgentAdminWeb','green','running',166,1486),(325126,'CorpReportsWeb','green','running',166,1486),(325127,'eCommissions','green','running',166,1486),(325128,'RiskShareReportProviderWS','green','running',166,1486),(325129,'riskshare','green','running',166,1486),(325130,'sgaDocumentLocatorService','green','running',166,1486),(325131,'SpeedERatesWeb','green','running',166,1486),(325132,'agentPortalService','inherit','',166,1486),(325133,'quoteService','inherit','',166,1486),(325134,'quotingClient','inherit','',166,1486),(325135,'SecuredFormsWeb','green','running',166,1487),(325136,'cisNotes','green','running',166,1487),(325137,'webforms','green','running',166,1487),(325138,'WebUtil','green','running',166,1487),(325139,'handbook','green','running',166,1487),(325140,'WebUsageReports','green','running',166,1487),(325141,'PubRptWeb','green','running',166,1487),(325142,'ReportBrowserWeb','green','running',166,1487),(325143,'ebill','green','running',166,1488),(325144,'ebillAccountService','green','running',166,1488),(325145,'ebillPaymentService','green','running',166,1488),(325146,'ebillUserProfileService','green','running',166,1488),(325147,'ebillUSbankClientService ','green','running',166,1488),(325148,'ebillAuthService','green','running',166,1488),(325149,'mymodaadmin','green','running',166,1489),(325150,'memberdashboardmobile','green','running',166,1489),(325151,'memberdashboard/rest/','inherit','',166,1489),(325152,'memberdashboard','green','running',166,1489),(325153,'EobService','green','running',166,1489),(325154,'DocumentProxyService','green','running',166,1489),(325155,'EndorsingPractitioner','green','running',166,1490),(325156,'ProviderSearch','green','running',166,1490),(325157,'providerService','green','running',166,1490),(325158,'memberService','green','running',166,1490),(325159,'AjaxHandler','green','running',166,1491),(325160,'authenticationService','green','running',166,1491),(325161,'BOEService','green','running',166,1491),(325162,'claimService','green','running',166,1491),(325163,'DCTRestService','green','running',166,1491),(325164,'InternalServices','green','running',166,1491),(325165,'ivrService','green','running',166,1491),(325166,'DynamicContentToolServiceAjax','green','running',166,1491),(325167,'DynamicContentToolService','green','running',166,1491),(325168,'DynamicContentToolWeb','green','running',166,1491),(325169,'FAXService','green','running',166,1491),(325170,'modaRestService','green','running',166,1491),(325171,'samlRestService','green','running',166,1491),(325172,'signon','green','running',166,1491),(325173,'SharedServicesWeb','inherit','',166,1491),(325174,'WebAuthentication','green','running',166,1491),(325175,'OralWellness','green','running',166,1491),(325176,'MyModaApi','green','running',166,1491),(325177,'facetsCallTaskService','green','running',166,1491),(325178,'webResourcesService','green','running',166,1491),(325179,'EBTWeb','green','running',166,1492),(325180,'employerdashboard','green','running',166,1493),(325181,'employerPortalService','green','running',166,1493),(325182,'employeeLookupService','green','running',166,1493),(325183,'employerSummaryService','green','running',166,1493),(325184,'EOSWeb','green','running',166,1493),(325185,'EOSPortal','green','running',166,1493),(325186,'groupAuthManagerRestService','green','running',166,1493),(325187,'GroupAuthManagerPortal','green','running',166,1493),(325188,'accumulatorService','green','running',166,1493),(325189,'ivrProviderService','green','running',166,1494),(325190,'modaRestBenefitServices','green','running',166,1494),(325191,'AgentAdminWeb','green','running',167,1495),(325192,'CorpReportsWeb','green','running',167,1495),(325193,'eCommissions','green','running',167,1495),(325194,'RiskShareReportProviderWS','green','running',167,1495),(325195,'riskshare','green','running',167,1495),(325196,'sgaDocumentLocatorService','green','running',167,1495),(325197,'SpeedERatesWeb','green','running',167,1495),(325198,'agentPortalService','inherit','',167,1495),(325199,'quoteService','inherit','',167,1495),(325200,'quotingClient','inherit','',167,1495),(325201,'SecuredFormsWeb','green','running',167,1496),(325202,'cisNotes','green','running',167,1496),(325203,'webforms','green','running',167,1496),(325204,'WebUtil','green','running',167,1496),(325205,'handbook','green','running',167,1496),(325206,'WebUsageReports','green','running',167,1496),(325207,'PubRptWeb','green','running',167,1496),(325208,'ReportBrowserWeb','green','running',167,1496),(325209,'ebill','green','running',167,1497),(325210,'ebillAccountService','green','running',167,1497),(325211,'ebillPaymentService','green','running',167,1497),(325212,'ebillUserProfileService','green','running',167,1497),(325213,'ebillUSbankClientService ','green','running',167,1497),(325214,'ebillAuthService','green','running',167,1497),(325215,'mymodaadmin','green','running',167,1498),(325216,'memberdashboardmobile','green','running',167,1498),(325217,'memberdashboard/rest/','inherit','',167,1498),(325218,'memberdashboard','green','running',167,1498),(325219,'EobService','green','running',167,1498),(325220,'DocumentProxyService','green','running',167,1498),(325221,'EndorsingPractitioner','green','running',167,1499),(325222,'ProviderSearch','green','running',167,1499),(325223,'providerService','green','running',167,1499),(325224,'memberService','green','running',167,1499),(325225,'AjaxHandler','green','running',167,1500),(325226,'authenticationService','green','running',167,1500),(325227,'BOEService','green','running',167,1500),(325228,'claimService','green','running',167,1500),(325229,'DCTRestService','green','running',167,1500),(325230,'InternalServices','green','running',167,1500),(325231,'ivrService','green','running',167,1500),(325232,'DynamicContentToolServiceAjax','green','running',167,1500),(325233,'DynamicContentToolService','green','running',167,1500),(325234,'DynamicContentToolWeb','green','running',167,1500),(325235,'FAXService','green','running',167,1500),(325236,'modaRestService','green','running',167,1500),(325237,'samlRestService','green','running',167,1500),(325238,'signon','green','running',167,1500),(325239,'SharedServicesWeb','inherit','',167,1500),(325240,'WebAuthentication','green','running',167,1500),(325241,'OralWellness','green','running',167,1500),(325242,'MyModaApi','green','running',167,1500),(325243,'facetsCallTaskService','green','running',167,1500),(325244,'webResourcesService','green','running',167,1500),(325245,'EBTWeb','green','running',167,1501),(325246,'employerdashboard','green','running',167,1502),(325247,'employerPortalService','green','running',167,1502),(325248,'employeeLookupService','green','running',167,1502),(325249,'employerSummaryService','green','running',167,1502),(325250,'EOSWeb','green','running',167,1502),(325251,'EOSPortal','green','running',167,1502),(325252,'groupAuthManagerRestService','green','running',167,1502),(325253,'GroupAuthManagerPortal','green','running',167,1502),(325254,'accumulatorService','green','running',167,1502),(325255,'ivrProviderService','green','running',167,1503),(325256,'modaRestBenefitServices','green','running',167,1503),(325257,'AgentAdminWeb','green','running',168,1504),(325258,'CorpReportsWeb','green','running',168,1504),(325259,'eCommissions','green','running',168,1504),(325260,'RiskShareReportProviderWS','green','running',168,1504),(325261,'riskshare','green','running',168,1504),(325262,'sgaDocumentLocatorService','green','running',168,1504),(325263,'SpeedERatesWeb','green','running',168,1504),(325264,'agentPortalService','inherit','',168,1504),(325265,'quoteService','inherit','',168,1504),(325266,'quotingClient','inherit','',168,1504),(325267,'SecuredFormsWeb','green','running',168,1505),(325268,'cisNotes','green','running',168,1505),(325269,'webforms','green','running',168,1505),(325270,'WebUtil','green','running',168,1505),(325271,'handbook','green','running',168,1505),(325272,'WebUsageReports','green','running',168,1505),(325273,'PubRptWeb','green','running',168,1505),(325274,'ReportBrowserWeb','green','running',168,1505),(325275,'ebill','green','running',168,1506),(325276,'ebillAccountService','green','running',168,1506),(325277,'ebillPaymentService','green','running',168,1506),(325278,'ebillUserProfileService','green','running',168,1506),(325279,'ebillUSbankClientService ','green','running',168,1506),(325280,'ebillAuthService','green','running',168,1506),(325281,'mymodaadmin','green','running',168,1507),(325282,'memberdashboardmobile','green','running',168,1507),(325283,'memberdashboard/rest/','inherit','',168,1507),(325284,'memberdashboard','green','running',168,1507),(325285,'EobService','green','running',168,1507),(325286,'DocumentProxyService','green','running',168,1507),(325287,'EndorsingPractitioner','green','running',168,1508),(325288,'ProviderSearch','green','running',168,1508),(325289,'providerService','green','running',168,1508),(325290,'memberService','green','running',168,1508),(325291,'AjaxHandler','green','running',168,1509),(325292,'authenticationService','green','running',168,1509),(325293,'BOEService','green','running',168,1509),(325294,'claimService','green','running',168,1509),(325295,'DCTRestService','green','running',168,1509),(325296,'InternalServices','green','running',168,1509),(325297,'ivrService','green','running',168,1509),(325298,'DynamicContentToolServiceAjax','green','running',168,1509),(325299,'DynamicContentToolService','green','running',168,1509),(325300,'DynamicContentToolWeb','green','running',168,1509),(325301,'FAXService','green','running',168,1509),(325302,'modaRestService','green','running',168,1509),(325303,'samlRestService','green','running',168,1509),(325304,'signon','green','running',168,1509),(325305,'SharedServicesWeb','inherit','',168,1509),(325306,'WebAuthentication','green','running',168,1509),(325307,'OralWellness','green','running',168,1509),(325308,'MyModaApi','green','running',168,1509),(325309,'facetsCallTaskService','green','running',168,1509),(325310,'webResourcesService','green','running',168,1509),(325311,'EBTWeb','green','running',168,1510),(325312,'employerdashboard','green','running',168,1511),(325313,'employerPortalService','green','running',168,1511),(325314,'employeeLookupService','green','running',168,1511),(325315,'employerSummaryService','green','running',168,1511),(325316,'EOSWeb','green','running',168,1511),(325317,'EOSPortal','green','running',168,1511),(325318,'groupAuthManagerRestService','green','running',168,1511),(325319,'GroupAuthManagerPortal','green','running',168,1511),(325320,'accumulatorService','green','running',168,1511),(325321,'ivrProviderService','green','running',168,1512),(325322,'modaRestBenefitServices','green','running',168,1512);
/*!40000 ALTER TABLE `tcadmin_app` ENABLE KEYS */;
UNLOCK TABLES;

--
-- Table structure for table `tcadmin_env`
--

DROP TABLE IF EXISTS `tcadmin_env`;
/*!40101 SET @saved_cs_client     = @@character_set_client */;
/*!40101 SET character_set_client = utf8 */;
CREATE TABLE `tcadmin_env` (
  `id` int(11) NOT NULL AUTO_INCREMENT,
  `name` varchar(80) NOT NULL,
  `server` varchar(80) NOT NULL,
  `url` varchar(128) NOT NULL,
  `color` varchar(80) NOT NULL,
  `authlvl` int(11) NOT NULL,
  PRIMARY KEY (`id`)
) ENGINE=InnoDB AUTO_INCREMENT=169 DEFAULT CHARSET=utf8mb4;
/*!40101 SET character_set_client = @saved_cs_client */;

--
-- Dumping data for table `tcadmin_env`
--

LOCK TABLES `tcadmin_env` WRITE;
/*!40000 ALTER TABLE `tcadmin_env` DISABLE KEYS */;
INSERT INTO `tcadmin_env` VALUES (155,'STG','rh-stg-01','http://rh-stg-01.pdx.odshp.com','#99FF99',2),(156,'STG2','rh-stg2-01','http://rh-stg2-01.pdx.odshp.com','#99FF99',2),(157,'STG3','rh-stg3-01','http://rh-stg3-01.pdx.odshp.com','#99FF99',2),(158,'STG3-2','rh-stg3-02','http://rh-stg3-02.pdx.odshp.com','#99FF99',2),(159,'ST','rh-st-01','http://rh-st-01.pdx.odshp.com','#99FF99',1),(160,'ST2','rh-st2-01','http://rh-st2-01.pdx.odshp.com','#99FF99',1),(161,'ST3','rh-st3-01','http://rh-st3-01.pdx.odshp.com','#99FF99',1),(162,'MO','rh-mo-01','http://rh-mo-01.pdx.odshp.com','#99FF99',1),(163,'MO2','rh-mo2-01','http://rh-mo2-01.pdx.odshp.com','#99FF99',1),(164,'MO3','rh-mo3-01','http://rh-mo3-01.pdx.odshp.com','#99FF99',1),(165,'MO3-2','rh-mo3-02','http://rh-mo3-02.pdx.odshp.com','#99FF99',1),(166,'PRD','rh-prd-01','http://rh-prd-01.pdx.odshp.com','#99FF99',1),(167,'PRD-02','rh-prd-02','http://rh-prd-02.pdx.odshp.com','#99FF99',1),(168,'DRC','rh-drc-01','http://rh-drc-01.pdx.odshp.com','#99FF99',1);
/*!40000 ALTER TABLE `tcadmin_env` ENABLE KEYS */;
UNLOCK TABLES;

--
-- Table structure for table `tcadmin_tc`
--

DROP TABLE IF EXISTS `tcadmin_tc`;
/*!40101 SET @saved_cs_client     = @@character_set_client */;
/*!40101 SET character_set_client = utf8 */;
CREATE TABLE `tcadmin_tc` (
  `id` int(11) NOT NULL AUTO_INCREMENT,
  `name` varchar(20) NOT NULL,
  `env_id` int(11) NOT NULL,
  `color` varchar(80) NOT NULL,
  PRIMARY KEY (`id`),
  KEY `tcadmin_tc_env_id_c272ec48_fk_tcadmin_env_id` (`env_id`),
  CONSTRAINT `tcadmin_tc_env_id_c272ec48_fk_tcadmin_env_id` FOREIGN KEY (`env_id`) REFERENCES `tcadmin_env` (`id`)
) ENGINE=InnoDB AUTO_INCREMENT=1513 DEFAULT CHARSET=utf8mb4;
/*!40101 SET character_set_client = @saved_cs_client */;

--
-- Dumping data for table `tcadmin_tc`
--

LOCK TABLES `tcadmin_tc` WRITE;
/*!40000 ALTER TABLE `tcadmin_tc` DISABLE KEYS */;
INSERT INTO `tcadmin_tc` VALUES (1387,'TC01',155,'green'),(1388,'TC02',155,'green'),(1389,'TC03',155,'green'),(1390,'TC04',155,'green'),(1391,'TC05',155,'green'),(1392,'TC06',155,'green'),(1393,'TC07',155,'green'),(1394,'TC08',155,'green'),(1395,'TC09',155,'green'),(1396,'TC01',156,'green'),(1397,'TC02',156,'green'),(1398,'TC03',156,'green'),(1399,'TC04',156,'green'),(1400,'TC05',156,'green'),(1401,'TC06',156,'green'),(1402,'TC07',156,'green'),(1403,'TC08',156,'green'),(1404,'TC09',156,'green'),(1405,'TC01',157,'green'),(1406,'TC02',157,'green'),(1407,'TC03',157,'green'),(1408,'TC04',157,'green'),(1409,'TC05',157,'green'),(1410,'TC06',157,'green'),(1411,'TC07',157,'green'),(1412,'TC08',157,'green'),(1413,'TC09',157,'green'),(1414,'TC01',158,'green'),(1415,'TC02',158,'green'),(1416,'TC03',158,'green'),(1417,'TC04',158,'green'),(1418,'TC05',158,'green'),(1419,'TC06',158,'yellow'),(1420,'TC07',158,'green'),(1421,'TC08',158,'green'),(1422,'TC09',158,'green'),(1423,'TC01',159,'green'),(1424,'TC02',159,'green'),(1425,'TC03',159,'green'),(1426,'TC04',159,'green'),(1427,'TC05',159,'green'),(1428,'TC06',159,'green'),(1429,'TC07',159,'green'),(1430,'TC08',159,'green'),(1431,'TC09',159,'green'),(1432,'TC01',160,'green'),(1433,'TC02',160,'green'),(1434,'TC03',160,'green'),(1435,'TC04',160,'green'),(1436,'TC05',160,'green'),(1437,'TC06',160,'green'),(1438,'TC07',160,'green'),(1439,'TC08',160,'green'),(1440,'TC09',160,'green'),(1441,'TC01',161,'green'),(1442,'TC02',161,'green'),(1443,'TC03',161,'green'),(1444,'TC04',161,'green'),(1445,'TC05',161,'green'),(1446,'TC06',161,'green'),(1447,'TC07',161,'green'),(1448,'TC08',161,'green'),(1449,'TC09',161,'green'),(1450,'TC01',162,'green'),(1451,'TC02',162,'green'),(1452,'TC03',162,'green'),(1453,'TC04',162,'green'),(1454,'TC05',162,'green'),(1455,'TC06',162,'green'),(1456,'TC07',162,'green'),(1457,'TC08',162,'green'),(1458,'TC09',162,'green'),(1459,'TC01',163,'green'),(1460,'TC02',163,'green'),(1461,'TC03',163,'green'),(1462,'TC04',163,'green'),(1463,'TC05',163,'green'),(1464,'TC06',163,'green'),(1465,'TC07',163,'green'),(1466,'TC08',163,'green'),(1467,'TC09',163,'green'),(1468,'TC01',164,'green'),(1469,'TC02',164,'green'),(1470,'TC03',164,'green'),(1471,'TC04',164,'green'),(1472,'TC05',164,'green'),(1473,'TC06',164,'green'),(1474,'TC07',164,'green'),(1475,'TC08',164,'green'),(1476,'TC09',164,'green'),(1477,'TC01',165,'green'),(1478,'TC02',165,'green'),(1479,'TC03',165,'green'),(1480,'TC04',165,'green'),(1481,'TC05',165,'green'),(1482,'TC06',165,'green'),(1483,'TC07',165,'green'),(1484,'TC08',165,'green'),(1485,'TC09',165,'green'),(1486,'TC01',166,'green'),(1487,'TC02',166,'green'),(1488,'TC03',166,'green'),(1489,'TC04',166,'green'),(1490,'TC05',166,'green'),(1491,'TC06',166,'green'),(1492,'TC07',166,'green'),(1493,'TC08',166,'green'),(1494,'TC09',166,'green'),(1495,'TC01',167,'green'),(1496,'TC02',167,'green'),(1497,'TC03',167,'green'),(1498,'TC04',167,'green'),(1499,'TC05',167,'green'),(1500,'TC06',167,'green'),(1501,'TC07',167,'green'),(1502,'TC08',167,'green'),(1503,'TC09',167,'green'),(1504,'TC01',168,'green'),(1505,'TC02',168,'green'),(1506,'TC03',168,'green'),(1507,'TC04',168,'green'),(1508,'TC05',168,'green'),(1509,'TC06',168,'green'),(1510,'TC07',168,'green'),(1511,'TC08',168,'green'),(1512,'TC09',168,'green');
/*!40000 ALTER TABLE `tcadmin_tc` ENABLE KEYS */;
UNLOCK TABLES;
/*!40103 SET TIME_ZONE=@OLD_TIME_ZONE */;

/*!40101 SET SQL_MODE=@OLD_SQL_MODE */;
/*!40014 SET FOREIGN_KEY_CHECKS=@OLD_FOREIGN_KEY_CHECKS */;
/*!40014 SET UNIQUE_CHECKS=@OLD_UNIQUE_CHECKS */;
/*!40101 SET CHARACTER_SET_CLIENT=@OLD_CHARACTER_SET_CLIENT */;
/*!40101 SET CHARACTER_SET_RESULTS=@OLD_CHARACTER_SET_RESULTS */;
/*!40101 SET COLLATION_CONNECTION=@OLD_COLLATION_CONNECTION */;
/*!40111 SET SQL_NOTES=@OLD_SQL_NOTES */;

-- Dump completed on 2021-01-29  1:46:05
